item_id,split,category,difficulty,expected_action,answer_source,question,gold_answer,answer,required_claim_recall,full_invariant_success,forbidden_hits,citation_count,strict_document_citation_precision,strict_document_citation_recall,api_retrieval_evidence_recall_at_5,explicit_polarity_applicable,explicit_polarity_match,input_tokens,output_tokens,turn_index,paired_core_item_id
DHHPQA-TEST-A1-001,TEST,A1,EASY,ANSWER,GPT_5_6_TERRA_BATCH,Địa chỉ chính thức của Trường Đại học Hải Phòng là gì?,"Địa chỉ của Trường là 171 Phan Đăng Lưu, Phù Liễn, Hải Phòng.","Địa chỉ chính thức của Trường Đại học Hải Phòng: **171 Phan Đăng Lưu, Phù Liễn, Hải Phòng**. [01_contacts_scope__t512_o128__c0001]",1.0,1,0,1,1.0,1.0,1.0,0,,1421,51,,
DHHPQA-TEST-A1-002,TEST,A1,EASY,ANSWER,GPT_5_6_TERRA_BATCH,Website chính của Trường Đại học Hải Phòng là địa chỉ nào?,Website chính là https://dhhp.edu.vn.,Website chính của Trường Đại học Hải Phòng là: https://dhhp.edu.vn [01_contacts_scope__t512_o128__c0001],1.0,1,0,1,1.0,1.0,1.0,0,,1187,36,,
DHHPQA-TEST-A1-003,TEST,A1,EASY,ANSWER,GPT_5_6_TERRA_BATCH,PT1 là phương thức xét tuyển nào?,Xét tuyển kết quả thi tốt nghiệp THPT năm 2026,PT1 là phương thức xét tuyển dựa trên kết quả thi tốt nghiệp THPT năm 2026; đây cũng là phương thức gốc để quy đổi điểm các phương thức khác. [02_methods_restrictions__t512_o128__c0001] [05_thresholds_equivalence__t512_o128__c0001],1.0,1,0,2,0.5,1.0,1.0,0,,3915,74,,
DHHPQA-TEST-A1-004,TEST,A1,EASY,ANSWER,GPT_5_6_TERRA_BATCH,PT2 sử dụng kết quả học tập của những lớp nào?,"Xét tuyển kết quả học tập THPT/học bạ, sử dụng điểm trung bình chung kết quả học tập cả năm các lớp 10, 11, 12","PT2 xét kết quả học tập **cả năm lớp 10, lớp 11 và lớp 12**. [02_methods_restrictions__t512_o128__c0001]",1.0,1,0,1,1.0,1.0,1.0,0,,2903,44,,
DHHPQA-TEST-A1-005,TEST,A1,EASY,ANSWER,GPT_5_6_TERRA_BATCH,PT3.1 kết hợp chứng chỉ ngoại ngữ với kết quả nào?,Xét tuyển kết hợp chứng chỉ ngoại ngữ và kết quả thi tốt nghiệp THPT năm 2026,PT3.1 kết hợp chứng chỉ ngoại ngữ với kết quả thi tốt nghiệp THPT năm 2026. [02_methods_restrictions__t512_o128__c0001],1.0,1,0,1,1.0,1.0,1.0,0,,3095,44,,
DHHPQA-TEST-A1-006,TEST,A1,EASY,ANSWER,GPT_5_6_TERRA_BATCH,PT3.2 kết hợp chứng chỉ ngoại ngữ với loại kết quả nào?,"Xét tuyển kết hợp chứng chỉ ngoại ngữ với điểm trung bình chung kết quả học tập cả năm lớp 10, 11, 12","PT3.2 kết hợp chứng chỉ ngoại ngữ với **kết quả học tập cả năm lớp 10, 11 và 12**. Phương thức này không áp dụng cho các ngành Sư phạm, Ngôn ngữ Anh, Ngôn ngữ Trung Quốc và Nhật Bản học. [02_methods_restrictions__t512_o128__c0001]",1.0,1,0,1,1.0,1.0,1.0,0,,3079,83,,
DHHPQA-TEST-A1-007,TEST,A1,EASY,ANSWER,GPT_5_6_TERRA_BATCH,PT5 trong tuyển sinh năm 2026 là gì?,Xét tuyển thẳng theo quy định của Quy chế tuyển sinh hiện hành,"PT5 là **xét tuyển thẳng theo quy định**. [02_methods_restrictions__t512_o128__c0001]

Hồ sơ PT5 được nhận từ **25/5/2026 đến 20/6/2026**. [04_registration_deadlines_documents__t512_o128__c0001]",1.0,1,0,2,0.5,1.0,1.0,0,,2772,75,,
DHHPQA-TEST-A1-008,TEST,A1,EASY,ANSWER,GPT_5_6_TERRA_BATCH,IELTS 5.0 được quy đổi thành bao nhiêu điểm?,"IELTS 5.0 được quy đổi thành 8,0 điểm.","IELTS 5.0 được quy đổi thành **8,0 điểm**. [06_certificate_status__t512_o128__c0001]",1.0,1,0,1,1.0,1.0,1.0,0,,1230,35,,
DHHPQA-TEST-A1-009,TEST,A1,EASY,ANSWER,GPT_5_6_TERRA_BATCH,IELTS 5.5 được quy đổi thành bao nhiêu điểm?,"IELTS 5.5 được quy đổi thành 8,5 điểm.","IELTS 5.5 được quy đổi thành **8,5 điểm**. [06_certificate_status__t512_o128__c0001]",1.0,1,0,1,1.0,1.0,1.0,0,,1230,35,,
DHHPQA-TEST-A1-010,TEST,A1,EASY,ANSWER,GPT_5_6_TERRA_BATCH,IELTS 6.0 được quy đổi thành bao nhiêu điểm?,"IELTS 6.0 được quy đổi thành 9,0 điểm.","IELTS 6.0 được quy đổi thành **9,0 điểm**. [06_certificate_status__t512_o128__c0001]",1.0,1,0,1,1.0,1.0,1.0,0,,1230,35,,
DHHPQA-TEST-A1-011,TEST,A1,EASY,ANSWER,GPT_5_6_TERRA_BATCH,Khi nào hệ thống khóa chức năng đăng ký quy đổi chứng chỉ ngoại ngữ?,Hệ thống khóa chức năng đăng ký từ ngày 21/6/2026.,Hệ thống đã khóa chức năng đăng ký quy đổi chứng chỉ ngoại ngữ từ ngày 21/6/2026; đăng ký kết thúc ngày 20/6/2026. [06_certificate_status__t512_o128__c0001],1.0,1,0,1,1.0,1.0,1.0,0,,1377,57,,
DHHPQA-TEST-A1-012,TEST,A1,EASY,ANSWER,GPT_5_6_TERRA_BATCH,Thời hạn đăng ký PT1 trên hệ thống Bộ kết thúc lúc nào?,Thời hạn đăng ký PT1 kết thúc lúc 17h00 ngày 14/7/2026.,PT1 trên hệ thống Bộ GD&ĐT kết thúc lúc **17h00 ngày 14/7/2026**; thời hạn này đã hết. [04_registration_deadlines_documents__t512_o128__c0001],1.0,1,0,1,1.0,1.0,1.0,0,,1332,53,,
DHHPQA-TEST-A1-013,TEST,A1,EASY,ANSWER,GPT_5_6_TERRA_BATCH,Thời hạn đăng ký PT2 trên hệ thống Trường kết thúc lúc nào?,Thời hạn đăng ký PT2 kết thúc lúc 17h00 ngày 14/7/2026.,PT2 trên hệ thống tuyển sinh của Trường kết thúc lúc **17h00 ngày 14/7/2026**. [04_registration_deadlines_documents__t512_o128__c0001],1.0,1,0,1,1.0,1.0,1.0,0,,1385,47,,
DHHPQA-TEST-A1-014,TEST,A1,EASY,ANSWER,GPT_5_6_TERRA_BATCH,Thời hạn đăng ký thi năng khiếu kết thúc ngày nào?,Thời hạn đăng ký thi năng khiếu kết thúc ngày 30/5/2026.,Thời hạn đăng ký thi năng khiếu kết thúc ngày **30/5/2026**; hiện đã hết hạn. [04_registration_deadlines_documents__t512_o128__c0001],1.0,1,0,1,1.0,1.0,1.0,0,,1330,46,,
DHHPQA-TEST-A1-015,TEST,A1,EASY,ANSWER,GPT_5_6_TERRA_BATCH,Lệ phí hồ sơ thuộc mục 6.4 là bao nhiêu?,Lệ phí là 100.000 đồng cho mỗi hồ sơ.,Lệ phí hồ sơ mục 6.4 là **100.000 đồng/hồ sơ**. [04_registration_deadlines_documents__t512_o128__c0001],1.0,1,0,1,1.0,1.0,1.0,0,,1332,41,,
DHHPQA-TEST-A1-016,TEST,A1,EASY,ANSWER,GPT_5_6_TERRA_BATCH,Sinh viên chương trình chất lượng cao đạt PT1 từ 27 điểm được hỗ trợ học phí thế nào?,Được học bổng 100% học phí năm thứ nhất.,"Sinh viên chương trình chất lượng cao có điểm trúng tuyển theo PT1 từ 27,00 trở lên được học bổng 100% học phí năm thứ nhất. Ngoài ra, được miễn phí gửi xe và ở ký túc xá trong năm thứ nhất. [07_scholarships_tuition__t512_o128__c0001]",1.0,1,0,1,1.0,1.0,1.0,0,,2324,78,,
DHHPQA-TEST-A1-017,TEST,A1,EASY,ANSWER,GPT_5_6_TERRA_BATCH,Sinh viên chương trình chất lượng cao có được miễn phí ký túc xá năm thứ nhất không?,Có. Sinh viên chương trình chất lượng cao được miễn phí ở Ký túc xá năm thứ nhất.,Có. Sinh viên chương trình chất lượng cao được miễn phí ở ký túc xá trong năm thứ nhất; đồng thời được miễn phí gửi xe. [07_scholarships_tuition__t512_o128__c0001],1.0,1,0,1,1.0,1.0,1.0,1,1,2305,53,,
DHHPQA-TEST-A1-018,TEST,A1,EASY,ANSWER,GPT_5_6_TERRA_BATCH,Ngưỡng PT1 năm 2026 của chương trình Kinh tế: Logistics và vận tải đa phương thức (CLC) là bao nhiêu?,"Ngưỡng PT1 của Kinh tế: Logistics và vận tải đa phương thức (CLC) là 18,00 điểm.","Ngưỡng PT1 năm 2026 của chương trình **Kinh tế: Logistics và vận tải đa phương thức (CLC)** (mã 731010120) là **18,00 điểm**; không công bố điều kiện bổ sung. [03_programs_current_2026__t512_o128__c0001]",1.0,1,0,1,1.0,1.0,1.0,0,,3896,73,,
DHHPQA-TEST-A1-019,TEST,A1,EASY,ANSWER,GPT_5_6_TERRA_BATCH,Ngưỡng PT1 năm 2026 của chương trình Quản trị kinh doanh: Kinh doanh số và đổi mới sáng tạo (CLC) là bao nhiêu?,"Ngưỡng PT1 của Quản trị kinh doanh: Kinh doanh số và đổi mới sáng tạo (CLC) là 17,50 điểm.","Ngưỡng PT1 năm 2026 của chương trình **Quản trị kinh doanh: Kinh doanh số và đổi mới sáng tạo (CLC)**, mã 734010120, là **17,50 điểm**; chưa công bố điều kiện bổ sung. [03_programs_current_2026__t512_o128__c0001]",1.0,1,0,1,1.0,1.0,1.0,0,,3089,76,,
DHHPQA-TEST-A1-020,TEST,A1,EASY,ANSWER,GPT_5_6_TERRA_BATCH,Ngưỡng PT1 năm 2026 của chương trình Quản trị kinh doanh: Quản trị kinh doanh quốc tế (CLC) là bao nhiêu?,"Ngưỡng PT1 của Quản trị kinh doanh: Quản trị kinh doanh quốc tế (CLC) là 17,50 điểm.","Ngưỡng PT1 năm 2026 của chương trình **Quản trị kinh doanh quốc tế (CLC)** (mã 734010121) là **17,50 điểm**. [03_programs_current_2026__t512_o128__c0001]",1.0,1,0,1,1.0,1.0,1.0,0,,2335,61,,
DHHPQA-TEST-A1-021,TEST,A1,EASY,ANSWER,GPT_5_6_TERRA_BATCH,Ngưỡng PT1 năm 2026 của chương trình Kế toán: Kế toán doanh nghiệp theo định hướng ACCA (CLC) là bao nhiêu?,"Ngưỡng PT1 của Kế toán: Kế toán doanh nghiệp theo định hướng ACCA (CLC) là 17,50 điểm.","Ngưỡng PT1 năm 2026 của chương trình **Kế toán doanh nghiệp theo định hướng ACCA (CLC)**, mã 734030120, là **17,50 điểm**; không công bố điều kiện bổ sung. [03_programs_current_2026__t512_o128__c0001]",1.0,1,0,1,1.0,1.0,1.0,0,,3088,71,,
DHHPQA-TEST-A1-022,TEST,A1,EASY,ANSWER,GPT_5_6_TERRA_BATCH,"Ngưỡng PT1 năm 2026 của chương trình Công nghệ kỹ thuật điện, điện tử: Công nghệ điện tử, vi mạch và bán dẫn (CLC) là bao nhiêu?","Ngưỡng PT1 của Công nghệ kỹ thuật điện, điện tử: Công nghệ điện tử, vi mạch và bán dẫn (CLC) là 17,50 điểm.","Ngưỡng PT1 năm 2026 của chương trình **Công nghệ điện tử, vi mạch và bán dẫn (CLC)**, mã 751030120, là **17,50 điểm**; không công bố điều kiện bổ sung. [03_programs_current_2026__t512_o128__c0001]",1.0,1,0,1,1.0,1.0,1.0,0,,3175,73,,
DHHPQA-TEST-A1-023,TEST,A1,EASY,ANSWER,GPT_5_6_TERRA_BATCH,Ngưỡng PT1 năm 2026 của chương trình Quản trị kinh doanh là bao nhiêu?,"Ngưỡng PT1 của Quản trị kinh doanh là 17,00 điểm.","Ngưỡng PT1 năm 2026 của chương trình Quản trị kinh doanh (mã 734010101) là **17,00 điểm**, không có điều kiện bổ sung được công bố. [03_programs_current_2026__t512_o128__c0002]",1.0,1,0,1,1.0,1.0,1.0,0,,3077,64,,
DHHPQA-TEST-A1-024,TEST,A1,EASY,ANSWER,GPT_5_6_TERRA_BATCH,Ngưỡng PT1 năm 2026 của chương trình Quản trị tài chính kế toán là bao nhiêu?,"Ngưỡng PT1 của Quản trị tài chính kế toán là 17,00 điểm.","Ngưỡng đầu vào PT1 năm 2026 của chương trình **Quản trị tài chính kế toán** (mã 734010102) là **17,00 điểm**; không công bố điều kiện bổ sung. [03_programs_current_2026__t512_o128__c0002]",1.0,1,0,1,1.0,1.0,1.0,0,,3942,69,,
DHHPQA-TEST-A1-025,TEST,A1,EASY,ANSWER,GPT_5_6_TERRA_BATCH,Ngưỡng PT1 năm 2026 của chương trình Marketing số là bao nhiêu?,"Ngưỡng PT1 của Marketing số là 17,00 điểm.","Ngưỡng PT1 năm 2026 của chương trình **Marketing số** (mã 734011501) là **17,00 điểm**; không có điều kiện bổ sung được công bố. [03_programs_current_2026__t512_o128__c0002]",1.0,1,0,1,1.0,1.0,1.0,0,,3938,64,,
DHHPQA-TEST-A1-026,TEST,A1,EASY,ANSWER,GPT_5_6_TERRA_BATCH,Ngưỡng PT1 năm 2026 của chương trình Marketing là bao nhiêu?,"Ngưỡng PT1 của Marketing là 17,00 điểm.","Ngưỡng đầu vào PT1 năm 2026 của chương trình **Marketing (734011502)** là **17,00 điểm**, không có điều kiện bổ sung được công bố. [03_programs_current_2026__t512_o128__c0002]",1.0,1,0,1,1.0,1.0,1.0,0,,3936,60,,
DHHPQA-TEST-A1-027,TEST,A1,EASY,ANSWER,GPT_5_6_TERRA_BATCH,Ngưỡng PT1 năm 2026 của chương trình Truyền thông marketing là bao nhiêu?,"Ngưỡng PT1 của Truyền thông marketing là 17,00 điểm.","Ngưỡng PT1 năm 2026 của chương trình **Truyền thông marketing** (mã 734011503) là **17,00 điểm**; không có điều kiện bổ sung được công bố. [03_programs_current_2026__t512_o128__c0002]",1.0,1,0,1,1.0,1.0,1.0,0,,3077,67,,
DHHPQA-TEST-A1-028,TEST,A1,EASY,ANSWER,GPT_5_6_TERRA_BATCH,Ngưỡng PT1 năm 2026 của chương trình Tài chính doanh nghiệp là bao nhiêu?,"Ngưỡng PT1 của Tài chính doanh nghiệp là 17,00 điểm.","Ngưỡng PT1 năm 2026 của chương trình **Tài chính doanh nghiệp** (mã 734020102) là **17,00 điểm**; không công bố điều kiện bổ sung. [03_programs_current_2026__t512_o128__c0002]",1.0,1,0,1,1.0,1.0,1.0,0,,3094,65,,
DHHPQA-TEST-A1-029,TEST,A1,EASY,ANSWER,GPT_5_6_TERRA_BATCH,Ngưỡng PT1 năm 2026 của chương trình Kế toán doanh nghiệp là bao nhiêu?,"Ngưỡng PT1 của Kế toán doanh nghiệp là 17,00 điểm.","Ngưỡng PT1 năm 2026 của chương trình **Kế toán doanh nghiệp** (mã 734030102) là **17,00 điểm**, không có điều kiện bổ sung được công bố. [03_programs_current_2026__t512_o128__c0003]",1.0,1,0,1,1.0,1.0,1.0,0,,3941,66,,
DHHPQA-TEST-A1-030,TEST,A1,EASY,ANSWER,GPT_5_6_TERRA_BATCH,Ngưỡng PT1 năm 2026 của chương trình Kế toán - Kiểm toán là bao nhiêu?,"Ngưỡng PT1 của Kế toán - Kiểm toán là 17,00 điểm.","Ngưỡng đầu vào PT1 năm 2026 của chương trình **Kế toán - Kiểm toán** (mã 734030103) là **17,00 điểm**; không công bố điều kiện bổ sung. [03_programs_current_2026__t512_o128__c0003]",1.0,1,0,1,1.0,1.0,1.0,0,,3096,69,,
DHHPQA-TEST-A1-031,TEST,A1,EASY,ANSWER,GPT_5_6_TERRA_BATCH,Ngưỡng PT1 năm 2026 của chương trình Ngôn ngữ Trung Quốc là bao nhiêu?,"Ngưỡng PT1 của Ngôn ngữ Trung Quốc là 17,50 điểm.","Ngưỡng PT1 năm 2026 của chương trình Ngôn ngữ Trung Quốc (mã 722020401) là **17,50 điểm**; không công bố điều kiện bổ sung. [03_programs_current_2026__t512_o128__c0003]",1.0,1,0,1,1.0,1.0,1.0,0,,3094,64,,
DHHPQA-TEST-A1-032,TEST,A1,EASY,ANSWER,GPT_5_6_TERRA_BATCH,Ngưỡng PT1 năm 2026 của chương trình Văn học là bao nhiêu?,"Ngưỡng PT1 của Văn học là 17,00 điểm.","Ngưỡng PT1 năm 2026 của chương trình Văn học (mã 722903001) là **17,00 điểm**; không có điều kiện bổ sung được công bố. [03_programs_current_2026__t512_o128__c0003]",1.0,1,0,1,1.0,1.0,1.0,0,,2159,62,,
DHHPQA-TEST-A2-001,TEST,A2,MEDIUM,ANSWER,GPT_5_6_TERRA_BATCH,Mã xét tuyển của chương trình Kinh tế: Logistics và vận tải đa phương thức (CLC) là gì?,Mã xét tuyển là 731010120.,Mã xét tuyển chương trình **Kinh tế: Logistics và vận tải đa phương thức (CLC)** là **731010120**. [03_programs_current_2026__t512_o128__c0001],1.0,1,0,1,1.0,1.0,1.0,0,,4778,50,,
DHHPQA-TEST-A2-002,TEST,A2,MEDIUM,ANSWER,GPT_5_6_TERRA_BATCH,Quản trị kinh doanh: Kinh doanh số và đổi mới sáng tạo (CLC) xét những tổ hợp môn nào?,"Các tổ hợp xét tuyển gồm A00, A01, C01, C03, C04, D01.","Ngành **Quản trị kinh doanh: Kinh doanh số và đổi mới sáng tạo (CLC)** (mã 734010120) xét các tổ hợp: **A00, A01, C01, C03, C04, D01**. [03_programs_current_2026__t512_o128__c0001]",1.0,1,0,1,1.0,1.0,1.0,0,,5687,76,,
DHHPQA-TEST-A2-003,TEST,A2,MEDIUM,ANSWER,GPT_5_6_TERRA_BATCH,Quản trị kinh doanh: Quản trị kinh doanh quốc tế (CLC) sử dụng những phương thức xét tuyển nào?,"Các phương thức là PT1, PT2, PT3, PT4, PT5.","Ngành **Quản trị kinh doanh: Quản trị kinh doanh quốc tế (CLC)** (mã 734010121) xét tuyển theo: **PT1, PT2, PT3, PT4 và PT5**. [03_programs_current_2026__t512_o128__c0001]

- PT1: điểm thi tốt nghiệp THPT 2026.  
- PT2: học bạ lớp 10–12.  
- PT3: kết hợp chứng chỉ ngoại ngữ với điểm thi THPT hoặc học bạ.  
- PT4: điểm HSA, TSA hoặc SPT năm 2026.  
- PT5: xét tuyển thẳng. [02_methods_restrictions__t512_o128__c0001]",1.0,1,0,2,0.5,1.0,1.0,0,,4087,164,,
DHHPQA-TEST-A2-004,TEST,A2,MEDIUM,ANSWER,GPT_5_6_TERRA_BATCH,Chỉ tiêu hiện hành của Kế toán: Kế toán doanh nghiệp theo định hướng ACCA (CLC) được công bố như thế nào?,Chỉ tiêu hiện hành của Kế toán: Kế toán doanh nghiệp theo định hướng ACCA (CLC) là 50.,Mã 734030120 – **Kế toán doanh nghiệp theo định hướng ACCA (CLC)** được công bố **chỉ tiêu dự kiến riêng 50**. Đây không phải chỉ tiêu gộp của nhóm/ngành Kế toán. [03_programs_current_2026__t512_o128__c0001],1.0,1,0,1,1.0,1.0,1.0,0,,5731,73,,
DHHPQA-TEST-A2-005,TEST,A2,MEDIUM,ANSWER,GPT_5_6_TERRA_BATCH,"Ngưỡng đầu vào PT1 của Công nghệ kỹ thuật điện, điện tử: Công nghệ điện tử, vi mạch và bán dẫn (CLC) là bao nhiêu?","Ngưỡng PT1 là 17,50 điểm.","Ngưỡng đầu vào PT1 của ngành này là **17,50 điểm**; không có điều kiện bổ sung được công bố. [03_programs_current_2026__t512_o128__c0001]",1.0,1,0,1,1.0,1.0,1.0,0,,2338,50,,
DHHPQA-TEST-A2-006,TEST,A2,MEDIUM,ANSWER,GPT_5_6_TERRA_BATCH,Mã xét tuyển của chương trình Quản trị kinh doanh là gì?,Mã xét tuyển là 734010101.,Mã xét tuyển chương trình **Quản trị kinh doanh** là **734010101**. [03_programs_current_2026__t512_o128__c0002],1.0,1,0,1,1.0,1.0,1.0,0,,3975,42,,
DHHPQA-TEST-A2-007,TEST,A2,MEDIUM,ANSWER,GPT_5_6_TERRA_BATCH,Quản trị tài chính kế toán xét những tổ hợp môn nào?,"Các tổ hợp xét tuyển gồm A00, A01, C01, C03, C04, D01.","Quản trị tài chính kế toán xét các tổ hợp: **A00, A01, C01, C03, C04, D01**. [03_programs_current_2026__t512_o128__c0002]",1.0,1,0,1,1.0,1.0,1.0,0,,4042,54,,
DHHPQA-TEST-A2-008,TEST,A2,MEDIUM,ANSWER,GPT_5_6_TERRA_BATCH,Marketing số sử dụng những phương thức xét tuyển nào?,"Các phương thức là PT1, PT2, PT3, PT4, PT5.","Marketing số (mã 734011501) xét tuyển theo 5 phương thức: PT1, PT2, PT3, PT4 và PT5. [03_programs_current_2026__t512_o128__c0002]

- PT1: điểm thi tốt nghiệp THPT 2026. [02_methods_restrictions__t512_o128__c0001]
- PT2: học bạ cả năm lớp 10, 11, 12. [02_methods_restrictions__t512_o128__c0001]
- PT3: kết hợp chứng chỉ ngoại ngữ với điểm thi THPT hoặc học bạ. [02_methods_restrictions__t512_o128__c0001]
- PT4: điểm HSA, TSA hoặc SPT năm 2026. [02_methods_restrictions__t512_o128__c0001]
- PT5: xét tuyển thẳng theo quy định. [02_methods_restrictions__t512_o128__c0001]",1.0,1,0,6,0.16666666666666666,1.0,1.0,0,,3971,218,,
DHHPQA-TEST-A2-009,TEST,A2,MEDIUM,ANSWER,GPT_5_6_TERRA_BATCH,Chỉ tiêu hiện hành của Marketing được công bố như thế nào?,Nguồn hiện hành chỉ công bố tổng 200 chỉ tiêu cho nhóm chứa Marketing; chưa công bố phân bổ riêng cho mã 734011502.,"Hiện hành chỉ công bố **tổng chỉ tiêu nhóm/ngành Marketing là 200**; chưa có phân bổ riêng cho Marketing số (734011501), Marketing (734011502) hoặc Truyền thông marketing (734011503). Không thể suy ra chỉ tiêu từng chương trình từ tổng này. [03_programs_current_2026__t512_o128__c0002]",1.0,1,0,1,1.0,1.0,1.0,0,,3992,85,,
DHHPQA-TEST-A2-010,TEST,A2,MEDIUM,ANSWER,GPT_5_6_TERRA_BATCH,Ngưỡng đầu vào PT1 của Truyền thông marketing là bao nhiêu?,"Ngưỡng PT1 là 17,00 điểm.","Ngưỡng đầu vào PT1 của Truyền thông marketing (mã 734011503) là **17,00 điểm**, không có điều kiện bổ sung được công bố. [03_programs_current_2026__t512_o128__c0002]",1.0,1,0,1,1.0,1.0,1.0,0,,3866,60,,
DHHPQA-TEST-A2-011,TEST,A2,MEDIUM,ANSWER,GPT_5_6_TERRA_BATCH,Mã xét tuyển của chương trình Thương mại điện tử là gì?,Mã xét tuyển là 734012201.,Mã xét tuyển chương trình Thương mại điện tử là **734012201**. [03_programs_current_2026__t512_o128__c0002],1.0,1,0,1,1.0,1.0,1.0,0,,3975,40,,
DHHPQA-TEST-A2-012,TEST,A2,MEDIUM,ANSWER,GPT_5_6_TERRA_BATCH,Tài chính doanh nghiệp xét những tổ hợp môn nào?,"Các tổ hợp xét tuyển gồm A00, A01, C01, C02, D01, D07.","Ngành **Tài chính doanh nghiệp** xét các tổ hợp: **A00, A01, C01, C02, D01, D07**. [03_programs_current_2026__t512_o128__c0002]",1.0,1,0,1,1.0,1.0,1.0,0,,4909,56,,
DHHPQA-TEST-A2-013,TEST,A2,MEDIUM,ANSWER,GPT_5_6_TERRA_BATCH,Kế toán doanh nghiệp sử dụng những phương thức xét tuyển nào?,"Các phương thức là PT1, PT2, PT3, PT4, PT5.","Kế toán doanh nghiệp (734030102) xét tuyển theo 5 phương thức: PT1, PT2, PT3, PT4 và PT5. [03_programs_current_2026__t512_o128__c0003]

- PT1: điểm thi tốt nghiệp THPT 2026.  
- PT2: học bạ lớp 10–12.  
- PT3: kết hợp chứng chỉ ngoại ngữ với kết quả theo quy định.  
- PT4: điểm HSA, TSA hoặc SPT năm 2026.  
- PT5: xét tuyển thẳng. [02_methods_restrictions__t512_o128__c0001]",1.0,1,0,2,0.5,1.0,1.0,0,,3974,146,,
DHHPQA-TEST-A2-014,TEST,A2,MEDIUM,ANSWER,GPT_5_6_TERRA_BATCH,Chỉ tiêu hiện hành của Kế toán - Kiểm toán được công bố như thế nào?,Nguồn hiện hành chỉ công bố tổng 150 chỉ tiêu cho nhóm chứa Kế toán - Kiểm toán; chưa công bố phân bổ riêng cho mã 734030103.,Kế toán - Kiểm toán (mã 734030103) hiện chỉ được công bố trong tổng chỉ tiêu nhóm/ngành Kế toán là **150**; chưa có phân bổ chỉ tiêu riêng cho chương trình này. Không thể suy ra chỉ tiêu riêng từ tổng nhóm. [03_programs_current_2026__t512_o128__c0003],1.0,1,0,1,1.0,1.0,1.0,0,,3997,80,,
DHHPQA-TEST-A2-015,TEST,A2,MEDIUM,ANSWER,GPT_5_6_TERRA_BATCH,Ngưỡng đầu vào PT1 của Ngôn ngữ Anh là bao nhiêu?,"Ngưỡng PT1 là 17,50 điểm.","Ngưỡng đầu vào PT1 ngành Ngôn ngữ Anh là **17,50 điểm**; đồng thời điểm môn Ngoại ngữ trong tổ hợp phải từ **6,0** trở lên. [03_programs_current_2026__t512_o128__c0003]",1.0,1,0,1,1.0,1.0,1.0,0,,3089,64,,
DHHPQA-TEST-A2-016,TEST,A2,MEDIUM,ANSWER,GPT_5_6_TERRA_BATCH,Mã xét tuyển của chương trình Ngôn ngữ Trung Quốc là gì?,Mã xét tuyển là 722020401.,Mã xét tuyển chương trình **Ngôn ngữ Trung Quốc** là **722020401**. [03_programs_current_2026__t512_o128__c0003],1.0,1,0,1,1.0,1.0,1.0,0,,3053,43,,
DHHPQA-TEST-A2-017,TEST,A2,MEDIUM,ANSWER,GPT_5_6_TERRA_BATCH,Văn học xét những tổ hợp môn nào?,"Các tổ hợp xét tuyển gồm C00, C03, C04, C19, C20, D15.","Ngành **Văn học** (722903001) xét các tổ hợp: **C00, C03, C04, C19, C20, D15**. [03_programs_current_2026__t512_o128__c0003]",1.0,1,0,1,1.0,1.0,1.0,0,,4908,59,,
DHHPQA-TEST-A2-018,TEST,A2,MEDIUM,ANSWER,GPT_5_6_TERRA_BATCH,Kinh tế ngoại thương sử dụng những phương thức xét tuyển nào?,"Các phương thức là PT1, PT2, PT3, PT4, PT5.","Kinh tế ngoại thương (mã 731010102) xét tuyển bằng: **PT1, PT2, PT3, PT4 và PT5**. [03_programs_current_2026__t512_o128__c0004]

- PT1: điểm thi tốt nghiệp THPT 2026.  
- PT2: kết quả học tập lớp 10, 11, 12.  
- PT3: kết hợp chứng chỉ ngoại ngữ với kết quả thi THPT hoặc học bạ.  
- PT4: điểm HSA, TSA hoặc SPT năm 2026.  
- PT5: xét tuyển thẳng. [02_methods_restrictions__t512_o128__c0001]",1.0,1,0,2,0.5,1.0,1.0,0,,3920,156,,
DHHPQA-TEST-A2-019,TEST,A2,MEDIUM,ANSWER,GPT_5_6_TERRA_BATCH,Chỉ tiêu hiện hành của Quản lý kinh tế được công bố như thế nào?,Nguồn hiện hành chỉ công bố tổng 150 chỉ tiêu cho nhóm chứa Quản lý kinh tế; chưa công bố phân bổ riêng cho mã 731010103.,"Quản lý kinh tế (mã 731010103) hiện chỉ được công bố trong tổng chỉ tiêu nhóm/ngành Kinh tế là **150**. Chưa có phân bổ chỉ tiêu riêng cho mã này, nên không thể xác định chỉ tiêu cụ thể của Quản lý kinh tế. [03_programs_current_2026__t512_o128__c0004]",1.0,1,0,1,1.0,1.0,1.0,0,,4874,83,,
DHHPQA-TEST-A2-020,TEST,A2,MEDIUM,ANSWER,GPT_5_6_TERRA_BATCH,Ngưỡng đầu vào PT1 của Logistics và vận tải đa phương thức là bao nhiêu?,"Ngưỡng PT1 là 18,00 điểm.","Ngưỡng đầu vào PT1 ngành **Logistics và vận tải đa phương thức** (mã 731010104) là **18,00 điểm**; không có điều kiện bổ sung được công bố. [03_programs_current_2026__t512_o128__c0004]",1.0,1,0,1,1.0,1.0,1.0,0,,3885,66,,
DHHPQA-TEST-A2-021,TEST,A2,MEDIUM,ANSWER,GPT_5_6_TERRA_BATCH,Mã xét tuyển của chương trình Tâm lý học giáo dục là gì?,Mã xét tuyển là 731040101.,Mã xét tuyển chương trình **Tâm lý học giáo dục** là **731040101**. [03_programs_current_2026__t512_o128__c0004],1.0,1,0,1,1.0,1.0,1.0,0,,3494,43,,
DHHPQA-TEST-A2-022,TEST,A2,MEDIUM,ANSWER,GPT_5_6_TERRA_BATCH,Nhật Bản học xét những tổ hợp môn nào?,"Các tổ hợp xét tuyển gồm C00, D01, D04, D06, DD2.","Ngành Nhật Bản học xét các tổ hợp: **C00, D01, D04, D06, DD2**. [03_programs_current_2026__t512_o128__c0004]",1.0,1,0,1,1.0,1.0,1.0,0,,4827,50,,
DHHPQA-TEST-A2-023,TEST,A2,MEDIUM,ANSWER,GPT_5_6_TERRA_BATCH,Công tác xã hội sử dụng những phương thức xét tuyển nào?,"Các phương thức là PT1, PT2, PT3, PT4, PT5.","Công tác xã hội (mã 776010101) xét tuyển bằng: PT1, PT2, PT3, PT4 và PT5. [03_programs_current_2026__t512_o128__c0004]

- PT1: điểm thi tốt nghiệp THPT 2026.  
- PT2: học bạ lớp 10–12.  
- PT3: kết hợp chứng chỉ ngoại ngữ với điểm thi THPT hoặc học bạ.  
- PT4: điểm HSA, TSA hoặc SPT năm 2026.  
- PT5: xét tuyển thẳng theo quy định. [02_methods_restrictions__t512_o128__c0001]",1.0,1,0,2,0.5,1.0,1.0,0,,3032,151,,
DHHPQA-TEST-A2-024,TEST,A2,MEDIUM,ANSWER,GPT_5_6_TERRA_BATCH,Chỉ tiêu hiện hành của Quản trị dịch vụ du lịch và lữ hành được công bố như thế nào?,Nguồn hiện hành chỉ công bố tổng 210 chỉ tiêu cho nhóm chứa Quản trị dịch vụ du lịch và lữ hành; chưa công bố phân bổ riêng cho mã 781010301.,"Nguồn hiện hành công bố **210 chỉ tiêu cho cả nhóm/ngành Quản trị dịch vụ du lịch và lữ hành**; chưa công bố chỉ tiêu phân bổ riêng cho mã 781010301. [03_programs_current_2026__t512_o128__c0005]  
Không thể suy ra chỉ tiêu riêng từ chỉ tiêu nhóm. [00_source_policy__t512_o128__c0001]",1.0,1,0,2,0.5,1.0,1.0,0,,3866,92,,
DHHPQA-TEST-A2-025,TEST,A2,MEDIUM,ANSWER,GPT_5_6_TERRA_BATCH,"Ngưỡng đầu vào PT1 của Quản trị lữ hành, khách sạn là bao nhiêu?","Ngưỡng PT1 là 17,00 điểm.","Ngưỡng đầu vào PT1 của mã 781010302 – Quản trị lữ hành, khách sạn là **17,00 điểm**; không công bố điều kiện bổ sung. [03_programs_current_2026__t512_o128__c0005]",1.0,1,0,1,1.0,1.0,1.0,0,,3806,62,,
DHHPQA-TEST-A2-026,TEST,A2,MEDIUM,ANSWER,GPT_5_6_TERRA_BATCH,Mã xét tuyển của chương trình Hướng dẫn du lịch là gì?,Mã xét tuyển là 781010303.,Mã xét tuyển chương trình **Hướng dẫn du lịch** là **781010303**. [03_programs_current_2026__t512_o128__c0005],1.0,1,0,1,1.0,1.0,1.0,0,,3782,42,,
DHHPQA-TEST-A2-027,TEST,A2,MEDIUM,ANSWER,GPT_5_6_TERRA_BATCH,Xây dựng dân dụng và công nghiệp xét những tổ hợp môn nào?,"Các tổ hợp xét tuyển gồm A00, A01, A02, A10, C01, D01.","Ngành **Xây dựng dân dụng và công nghiệp** (mã 7510103) xét các tổ hợp: **A00, A01, A02, A10, C01, D01**. [03_programs_current_2026__t512_o128__c0006]",1.0,1,0,1,1.0,1.0,1.0,0,,5302,67,,
DHHPQA-TEST-A2-028,TEST,A2,MEDIUM,ANSWER,GPT_5_6_TERRA_BATCH,Công nghệ chế tạo máy sử dụng những phương thức xét tuyển nào?,"Các phương thức là PT1, PT2, PT3, PT4, PT5.","Ngành **Công nghệ chế tạo máy** (mã 751020201) xét tuyển theo 5 phương thức: **PT1, PT2, PT3, PT4, PT5**. [03_programs_current_2026__t512_o128__c0006]

- PT1: điểm thi tốt nghiệp THPT 2026  
- PT2: học bạ lớp 10, 11, 12  
- PT3: kết hợp chứng chỉ ngoại ngữ với điểm thi THPT hoặc học bạ  
- PT4: điểm HSA, TSA hoặc SPT 2026  
- PT5: xét tuyển thẳng. [02_methods_restrictions__t512_o128__c0001]",1.0,1,0,2,0.5,1.0,1.0,0,,2974,158,,
DHHPQA-TEST-A2-029,TEST,A2,MEDIUM,ANSWER,GPT_5_6_TERRA_BATCH,Chỉ tiêu hiện hành của Công nghệ kỹ thuật cơ điện tử được công bố như thế nào?,Chỉ tiêu hiện hành của Công nghệ kỹ thuật cơ điện tử là 110.,"Chỉ tiêu **dự kiến** của ngành **Công nghệ kỹ thuật cơ điện tử**, mã xét tuyển **751020301**, là **110**. Nguồn hiện hành công bố theo mã này, không phải chỉ tiêu nhóm. [03_programs_current_2026__t512_o128__c0006]",1.0,1,0,1,1.0,1.0,1.0,0,,4772,72,,
DHHPQA-TEST-A2-030,TEST,A2,MEDIUM,ANSWER,GPT_5_6_TERRA_BATCH,Ngưỡng đầu vào PT1 của Điện công nghiệp và dân dụng là bao nhiêu?,"Ngưỡng PT1 là 16,50 điểm.","Ngưỡng đầu vào PT1 của ngành **Điện công nghiệp và dân dụng** (mã 751030102) là **16,50 điểm**; không công bố điều kiện bổ sung. [03_programs_current_2026__t512_o128__c0006]",1.0,1,0,1,1.0,1.0,1.0,0,,3429,64,,
DHHPQA-TEST-A2-031,TEST,A2,MEDIUM,ANSWER,GPT_5_6_TERRA_BATCH,Mã xét tuyển của chương trình Điện tự động công nghiệp là gì?,Mã xét tuyển là 751030302.,Mã xét tuyển chương trình **Điện tự động công nghiệp** là **751030302**. [03_programs_current_2026__t512_o128__c0006],1.0,1,0,1,1.0,1.0,1.0,0,,4809,43,,
DHHPQA-TEST-A2-032,TEST,A2,MEDIUM,ANSWER,GPT_5_6_TERRA_BATCH,Giáo dục Tiểu học xét những tổ hợp môn nào?,"Các tổ hợp xét tuyển gồm A01, C01, C02, C03, C04, D01.","Ngành Giáo dục Tiểu học (7140202) xét các tổ hợp: **A01, C01, C02, C03, C04, D01**. [03_programs_current_2026__t512_o128__c0007]",1.0,1,0,1,1.0,1.0,1.0,0,,3613,60,,
DHHPQA-TEST-A2-033,TEST,A2,MEDIUM,ANSWER,GPT_5_6_TERRA_BATCH,Giáo dục Thể chất sử dụng những phương thức xét tuyển nào?,"Các phương thức là PT1, PT2, PT5.","Giáo dục Thể chất (mã 7140206) xét tuyển theo: **PT1, PT2 và PT5**. [03_programs_current_2026__t512_o128__c0007]

- **PT1:** kết quả thi tốt nghiệp THPT 2026. [02_methods_restrictions__t512_o128__c0001]  
- **PT2:** kết quả học tập cả năm lớp 10, 11, 12. [02_methods_restrictions__t512_o128__c0001]  
- **PT5:** xét tuyển thẳng theo quy định. [02_methods_restrictions__t512_o128__c0001]",1.0,1,0,4,0.25,1.0,1.0,0,,2673,152,,
DHHPQA-TEST-A2-034,TEST,A2,MEDIUM,ANSWER,GPT_5_6_TERRA_BATCH,Chỉ tiêu hiện hành của Sư phạm Toán học được công bố như thế nào?,Chỉ tiêu hiện hành của Sư phạm Toán học là 110.,Chỉ tiêu hiện hành được công bố theo mã xét tuyển **714020901 – Sư phạm Toán học** là **110 chỉ tiêu dự kiến**. [03_programs_current_2026__t512_o128__c0007],1.0,1,0,1,1.0,1.0,1.0,0,,2722,55,,
DHHPQA-TEST-A2-035,TEST,A2,MEDIUM,ANSWER,GPT_5_6_TERRA_BATCH,Ngưỡng đầu vào PT1 của Sư phạm Ngữ văn là bao nhiêu?,"Ngưỡng PT1 là 20,00 điểm.","Ngưỡng đầu vào PT1 ngành Sư phạm Ngữ văn là **20,00 điểm**; không công bố điều kiện bổ sung. [03_programs_current_2026__t512_o128__c0007]",1.0,1,0,1,1.0,1.0,1.0,0,,2663,52,,
DHHPQA-TEST-A2-036,TEST,A2,MEDIUM,ANSWER,GPT_5_6_TERRA_BATCH,Mã xét tuyển của chương trình Sư phạm Tiếng Anh là gì?,Mã xét tuyển là 714023101.,Mã xét tuyển chương trình **Sư phạm Tiếng Anh** là **714023101**. [03_programs_current_2026__t512_o128__c0007],1.0,1,0,1,1.0,1.0,1.0,0,,2625,43,,
DHHPQA-TEST-A3-001,TEST,A3,MEDIUM,ANSWER,GPT_5_6_TERRA_BATCH,"Thí sinh có 18,25 điểm PT1 và không có điều kiện bổ sung khác. Có đạt ngưỡng của Kinh tế: Logistics và vận tải đa phương thức (CLC) không?","Có. 18,25 điểm đạt ngưỡng 18,00 của Kinh tế: Logistics và vận tải đa phương thức (CLC).","Có. Điểm PT1 18,25 cao hơn ngưỡng 18,00 của ngành Kinh tế: Logistics và vận tải đa phương thức (CLC); ngành không công bố điều kiện bổ sung. [03_programs_current_2026__t512_o128__c0001]",1.0,1,0,1,1.0,1.0,1.0,1,1,5772,66,,
DHHPQA-TEST-A3-002,TEST,A3,MEDIUM,ANSWER,GPT_5_6_TERRA_BATCH,"Thí sinh có 17,25 điểm PT1 và không có điều kiện bổ sung khác. Có đạt ngưỡng của Quản trị kinh doanh: Kinh doanh số và đổi mới sáng tạo (CLC) không?","Không. 17,25 điểm thấp hơn ngưỡng 17,50 của Quản trị kinh doanh: Kinh doanh số và đổi mới sáng tạo (CLC).","Không. Điểm PT1 17,25 thấp hơn ngưỡng 17,50 của chương trình này; chương trình không công bố điều kiện bổ sung. [03_programs_current_2026__t512_o128__c0001]",1.0,1,0,1,1.0,1.0,1.0,1,1,5776,56,,
DHHPQA-TEST-A3-003,TEST,A3,MEDIUM,ANSWER,GPT_5_6_TERRA_BATCH,"Thí sinh có 17,75 điểm PT1 và không có điều kiện bổ sung khác. Có đạt ngưỡng của Quản trị kinh doanh: Quản trị kinh doanh quốc tế (CLC) không?","Có. 17,75 điểm đạt ngưỡng 17,50 của Quản trị kinh doanh: Quản trị kinh doanh quốc tế (CLC).","Có. Điểm PT1 17,75 cao hơn ngưỡng 17,50 của chương trình Quản trị kinh doanh quốc tế (CLC), và chương trình không công bố điều kiện bổ sung. [03_programs_current_2026__t512_o128__c0001]",1.0,1,0,1,1.0,1.0,1.0,1,1,5706,65,,
DHHPQA-TEST-A3-004,TEST,A3,MEDIUM,ANSWER,GPT_5_6_TERRA_BATCH,"Thí sinh có 17,25 điểm PT1 và không có điều kiện bổ sung khác. Có đạt ngưỡng của Kế toán: Kế toán doanh nghiệp theo định hướng ACCA (CLC) không?","Không. 17,25 điểm thấp hơn ngưỡng 17,50 của Kế toán: Kế toán doanh nghiệp theo định hướng ACCA (CLC).","Không. Điểm PT1 17,25 thấp hơn ngưỡng 17,50 của Kế toán doanh nghiệp theo định hướng ACCA (CLC); chương trình không có điều kiện bổ sung công bố. [03_programs_current_2026__t512_o128__c0001]",1.0,1,0,1,1.0,1.0,1.0,1,1,5432,66,,
DHHPQA-TEST-A3-005,TEST,A3,MEDIUM,ANSWER,GPT_5_6_TERRA_BATCH,"Thí sinh có 17,75 điểm PT1 và không có điều kiện bổ sung khác. Có đạt ngưỡng của Công nghệ thông tin: Thiết kế game và Multimedia (CLC) không?","Có. 17,75 điểm đạt ngưỡng 17,50 của Công nghệ thông tin: Thiết kế game và Multimedia (CLC).","Có. Điểm PT1 17,75 cao hơn ngưỡng 17,50 của Công nghệ thông tin: Thiết kế game và Multimedia (CLC); ngành không công bố điều kiện bổ sung. [03_programs_current_2026__t512_o128__c0001]",1.0,1,0,1,1.0,1.0,1.0,1,1,4766,65,,
DHHPQA-TEST-A3-006,TEST,A3,MEDIUM,ANSWER,GPT_5_6_TERRA_BATCH,"Thí sinh có 17,25 điểm PT1 và không có điều kiện bổ sung khác. Có đạt ngưỡng của Công nghệ kỹ thuật điện, điện tử: Công nghệ điện tử, vi mạch và bán dẫn (CLC) không?","Không. 17,25 điểm thấp hơn ngưỡng 17,50 của Công nghệ kỹ thuật điện, điện tử: Công nghệ điện tử, vi mạch và bán dẫn (CLC).","Không đạt ngưỡng PT1: điểm 17,25 thấp hơn ngưỡng 17,50 của chương trình này. Chương trình không có điều kiện bổ sung công bố. [03_programs_current_2026__t512_o128__c0001]",1.0,1,0,1,1.0,1.0,1.0,1,1,5752,61,,
DHHPQA-TEST-A3-007,TEST,A3,MEDIUM,ANSWER,GPT_5_6_TERRA_BATCH,"Thí sinh có 17,25 điểm PT1 và không có điều kiện bổ sung khác. Có đạt ngưỡng của Quản trị kinh doanh không?","Có. 17,25 điểm đạt ngưỡng 17,00 của Quản trị kinh doanh.","Có. Với mã 734010101 Quản trị kinh doanh, ngưỡng PT1 là 17,00 và không có điều kiện bổ sung; 17,25 điểm đáp ứng ngưỡng đầu vào. [03_programs_current_2026__t512_o128__c0002]",1.0,1,0,1,1.0,1.0,1.0,1,1,4786,67,,
DHHPQA-TEST-A3-008,TEST,A3,MEDIUM,ANSWER,GPT_5_6_TERRA_BATCH,"Thí sinh có 16,75 điểm PT1 và không có điều kiện bổ sung khác. Có đạt ngưỡng của Quản trị tài chính kế toán không?","Không. 16,75 điểm thấp hơn ngưỡng 17,00 của Quản trị tài chính kế toán.","Có. Điểm PT1 16,75 chưa đạt ngưỡng 17,00 của ngành Quản trị tài chính kế toán; ngành này không công bố điều kiện bổ sung. [03_programs_current_2026__t512_o128__c0002]",1.0,1,0,1,1.0,1.0,1.0,1,0,4788,61,,
DHHPQA-TEST-A3-009,TEST,A3,MEDIUM,ANSWER,GPT_5_6_TERRA_BATCH,"Thí sinh có 17,25 điểm PT1 và không có điều kiện bổ sung khác. Có đạt ngưỡng của Marketing số không?","Có. 17,25 điểm đạt ngưỡng 17,00 của Marketing số.","Có. Điểm PT1 17,25 cao hơn ngưỡng 17,00 của Marketing số; ngành này không công bố điều kiện bổ sung. [03_programs_current_2026__t512_o128__c0002]",1.0,1,0,1,1.0,1.0,1.0,1,1,4783,55,,
DHHPQA-TEST-A3-010,TEST,A3,MEDIUM,ANSWER,GPT_5_6_TERRA_BATCH,"Thí sinh có 16,75 điểm PT1 và không có điều kiện bổ sung khác. Có đạt ngưỡng của Marketing không?","Không. 16,75 điểm thấp hơn ngưỡng 17,00 của Marketing.","Có. Điểm PT1 16,75 chưa đạt ngưỡng 17,00 của ngành Marketing (mã 734011502), nên **không đạt ngưỡng**; ngành không có điều kiện bổ sung được công bố. [03_programs_current_2026__t512_o128__c0002]",1.0,1,0,1,1.0,1.0,1.0,1,0,4782,73,,
DHHPQA-TEST-A3-011,TEST,A3,MEDIUM,ANSWER,GPT_5_6_TERRA_BATCH,"Thí sinh có 17,25 điểm PT1 và không có điều kiện bổ sung khác. Có đạt ngưỡng của Truyền thông marketing không?","Có. 17,25 điểm đạt ngưỡng 17,00 của Truyền thông marketing.","Có. Điểm PT1 17,25 cao hơn ngưỡng 17,00 của Truyền thông marketing; ngành không công bố điều kiện bổ sung. [03_programs_current_2026__t512_o128__c0002]",1.0,1,0,1,1.0,1.0,1.0,1,1,4786,57,,
DHHPQA-TEST-A3-012,TEST,A3,MEDIUM,ANSWER,GPT_5_6_TERRA_BATCH,"Thí sinh có 16,75 điểm PT1 và không có điều kiện bổ sung khác. Có đạt ngưỡng của Thương mại điện tử không?","Không. 16,75 điểm thấp hơn ngưỡng 17,00 của Thương mại điện tử.","Không. Điểm PT1 16,75 thấp hơn ngưỡng 17,00 của ngành Thương mại điện tử; ngành này không có điều kiện bổ sung được công bố. [03_programs_current_2026__t512_o128__c0002]",1.0,1,0,1,1.0,1.0,1.0,1,1,4786,61,,
DHHPQA-TEST-A3-013,TEST,A3,MEDIUM,ANSWER,GPT_5_6_TERRA_BATCH,"Thí sinh có 17,25 điểm PT1 và không có điều kiện bổ sung khác. Có đạt ngưỡng của Tài chính doanh nghiệp không?","Có. 17,25 điểm đạt ngưỡng 17,00 của Tài chính doanh nghiệp.","Có. Điểm PT1 17,25 cao hơn ngưỡng 17,00 của Tài chính doanh nghiệp; ngành không công bố điều kiện bổ sung. [03_programs_current_2026__t512_o128__c0002]",1.0,1,0,1,1.0,1.0,1.0,1,1,4786,57,,
DHHPQA-TEST-A3-014,TEST,A3,MEDIUM,ANSWER,GPT_5_6_TERRA_BATCH,"Thí sinh có 16,75 điểm PT1 và không có điều kiện bổ sung khác. Có đạt ngưỡng của Kế toán doanh nghiệp không?","Không. 16,75 điểm thấp hơn ngưỡng 17,00 của Kế toán doanh nghiệp.","Không. PT1 16,75 thấp hơn ngưỡng 17,00 của Kế toán doanh nghiệp (mã 734030102); ngành này không có điều kiện bổ sung được công bố. [03_programs_current_2026__t512_o128__c0003]",1.0,1,0,1,1.0,1.0,1.0,1,1,3993,65,,
DHHPQA-TEST-A3-015,TEST,A3,MEDIUM,ANSWER,GPT_5_6_TERRA_BATCH,"Thí sinh có 17,25 điểm PT1 và không có điều kiện bổ sung khác. Có đạt ngưỡng của Kế toán - Kiểm toán không?","Có. 17,25 điểm đạt ngưỡng 17,00 của Kế toán - Kiểm toán.","Có. PT1 17,25 cao hơn ngưỡng 17,00 của Kế toán - Kiểm toán; ngành không công bố điều kiện bổ sung. [03_programs_current_2026__t512_o128__c0003]",1.0,1,0,1,1.0,1.0,1.0,1,1,4788,57,,
DHHPQA-TEST-A3-016,TEST,A3,MEDIUM,ANSWER,GPT_5_6_TERRA_BATCH,"Thí sinh có 17,25 điểm PT1 và không có điều kiện bổ sung khác. Có đạt ngưỡng của Ngôn ngữ Trung Quốc không?","Không. 17,25 điểm thấp hơn ngưỡng 17,50 của Ngôn ngữ Trung Quốc.","Không. Điểm PT1 17,25 thấp hơn ngưỡng 17,50 của Ngôn ngữ Trung Quốc; ngành không có điều kiện bổ sung công bố. [03_programs_current_2026__t512_o128__c0003]",1.0,1,0,1,1.0,1.0,1.0,1,1,3993,59,,
DHHPQA-TEST-A3-017,TEST,A3,MEDIUM,ANSWER,GPT_5_6_TERRA_BATCH,"Thí sinh có 17,25 điểm PT1 và không có điều kiện bổ sung khác. Có đạt ngưỡng của Văn học không?","Có. 17,25 điểm đạt ngưỡng 17,00 của Văn học.","Có. PT1 của Văn học có ngưỡng 17,00; thí sinh đạt 17,25 và ngành không công bố điều kiện bổ sung. [03_programs_current_2026__t512_o128__c0003]",1.0,1,0,1,1.0,1.0,1.0,1,1,5363,56,,
DHHPQA-TEST-A3-018,TEST,A3,MEDIUM,ANSWER,GPT_5_6_TERRA_BATCH,"Thí sinh có 16,75 điểm PT1 và không có điều kiện bổ sung khác. Có đạt ngưỡng của Kinh tế ngoại thương không?","Không. 16,75 điểm thấp hơn ngưỡng 17,00 của Kinh tế ngoại thương.","Có. Điểm PT1 16,75 chưa đạt ngưỡng 17,00 của Kinh tế ngoại thương; tuy nhiên, kết luận là **không đạt ngưỡng**. Ngành này không có điều kiện bổ sung công bố. [03_programs_current_2026__t512_o128__c0004]",1.0,1,0,1,1.0,1.0,1.0,1,0,4786,75,,
DHHPQA-TEST-A3-019,TEST,A3,MEDIUM,ANSWER,C6_LOCAL,Ngôn ngữ Trung Quốc có xét PT2 bằng học bạ không?,Không. Ngôn ngữ Trung Quốc không xét PT2.,Không. Chương trình được hỏi thuộc nhóm không xét PT2 theo quy định tuyển sinh năm 2026. [DHHP-2026-METHODS],1.0,1,0,1,1.0,1.0,,1,1,0,0,,
DHHPQA-TEST-A3-020,TEST,A3,MEDIUM,ANSWER,C6_LOCAL,Ngôn ngữ Trung Quốc có dùng kết quả HSA theo PT4 không?,Không. Ngôn ngữ Trung Quốc không xét PT4.,"Không. Các ngành đào tạo giáo viên, Ngôn ngữ Anh, Ngôn ngữ Trung Quốc và Nhật Bản học không xét PT4. [DHHP-2026-METHODS]",1.0,1,0,1,1.0,1.0,,1,1,0,0,,
DHHPQA-TEST-A3-021,TEST,A3,MEDIUM,ANSWER,GPT_5_6_TERRA_BATCH,Nhật Bản học có xét PT3.2 không?,Không. Nhật Bản học không xét PT3.2.,"Không. Ngành Nhật Bản học (731060801) không xét PT3.2; chỉ áp dụng PT1, PT3.1 và PT5. [02_methods_restrictions__t512_o128__c0001] [03_programs_current_2026__t512_o128__c0004]",1.0,1,0,2,0.5,1.0,1.0,1,1,3920,72,,
DHHPQA-TEST-A3-022,TEST,A3,MEDIUM,ANSWER,C6_LOCAL,Giáo dục Tiểu học có xét PT2 không?,Không. Giáo dục Tiểu học thuộc nhóm đào tạo giáo viên và không xét PT2.,Không. Chương trình được hỏi thuộc nhóm không xét PT2 theo quy định tuyển sinh năm 2026. [DHHP-2026-METHODS],1.0,1,0,1,1.0,1.0,,1,1,0,0,,
DHHPQA-TEST-A3-023,TEST,A3,MEDIUM,ANSWER,C6_LOCAL,Sư phạm Ngữ văn có xét PT4 không?,Không. Các ngành đào tạo giáo viên không xét PT4.,"Không. Các ngành đào tạo giáo viên, Ngôn ngữ Anh, Ngôn ngữ Trung Quốc và Nhật Bản học không xét PT4. [DHHP-2026-METHODS]",1.0,1,0,1,1.0,1.0,,1,1,0,0,,
DHHPQA-TEST-A3-024,TEST,A3,MEDIUM,ANSWER,C6_LOCAL,Giáo dục Thể chất có xét PT2 không?,Có. Giáo dục Thể chất là ngoại lệ và có xét PT2.,Có. Giáo dục Thể chất là ngoại lệ trong nhóm ngành đào tạo giáo viên và có xét PT2; thí sinh vẫn phải đáp ứng các điều kiện chung của ngành đào tạo giáo viên. [DHHP-2026-PROGRAMS] [DHHP-2026-METHODS],1.0,1,0,2,0.5,1.0,,1,1,0,0,,
DHHPQA-TEST-A3-025,TEST,A3,MEDIUM,ANSWER,C6_LOCAL,"TOEIC Nghe 275, Đọc 275, Nói 120, Viết 120 có đạt mức tối thiểu để xem xét quy đổi không?",Có. Bộ điểm đạt đủ các mức tối thiểu cho bốn kỹ năng.,"Có. Bộ điểm TOEIC này đạt mức tối thiểu: Nghe 275, Đọc 275, Nói 120 và Viết 120. [DHHP-2026-CERTIFICATES]",1.0,1,0,1,1.0,1.0,,1,1,0,0,,
DHHPQA-TEST-A3-026,TEST,A3,MEDIUM,ANSWER,C6_LOCAL,"TOEIC Nghe 274, Đọc 300, Nói 130, Viết 130 có đạt mức tối thiểu để xem xét quy đổi không?",Không. Ít nhất một kỹ năng thấp hơn mức tối thiểu quy định.,"Không. Bộ điểm TOEIC này chưa đạt mức tối thiểu: Nghe 275, Đọc 275, Nói 120 và Viết 120. [DHHP-2026-CERTIFICATES]",1.0,1,0,1,1.0,1.0,,1,1,0,0,,
DHHPQA-TEST-A3-027,TEST,A3,MEDIUM,ANSWER,C6_LOCAL,"TOEIC Nghe 300, Đọc 274, Nói 130, Viết 130 có đạt mức tối thiểu để xem xét quy đổi không?",Không. Ít nhất một kỹ năng thấp hơn mức tối thiểu quy định.,"Không. Bộ điểm TOEIC này chưa đạt mức tối thiểu: Nghe 275, Đọc 275, Nói 120 và Viết 120. [DHHP-2026-CERTIFICATES]",1.0,1,0,1,1.0,1.0,,1,1,0,0,,
DHHPQA-TEST-A3-028,TEST,A3,MEDIUM,ANSWER,C6_LOCAL,"TOEIC Nghe 300, Đọc 300, Nói 119, Viết 130 có đạt mức tối thiểu để xem xét quy đổi không?",Không. Ít nhất một kỹ năng thấp hơn mức tối thiểu quy định.,"Không. Bộ điểm TOEIC này chưa đạt mức tối thiểu: Nghe 275, Đọc 275, Nói 120 và Viết 120. [DHHP-2026-CERTIFICATES]",1.0,1,0,1,1.0,1.0,,1,1,0,0,,
DHHPQA-TEST-A3-029,TEST,A3,MEDIUM,ANSWER,GPT_5_6_TERRA_BATCH,"Thí sinh trúng tuyển chương trình chất lượng cao bằng PT1 với 24,90 điểm được hưởng mức học bổng học phí nào?",Không có học bổng học phí năm thứ nhất theo hai mức được công bố.,"Không thuộc mức học bổng 50% hoặc 100% học phí năm thứ nhất, vì 24,90 điểm PT1 thấp hơn mốc 25,00. Thí sinh vẫn được miễn phí gửi xe và ở ký túc xá năm thứ nhất nếu học chương trình CLC. [07_scholarships_tuition__t512_o128__c0001]",1.0,1,0,1,1.0,1.0,1.0,1,1,2331,84,,
DHHPQA-TEST-A3-030,TEST,A3,MEDIUM,ANSWER,GPT_5_6_TERRA_BATCH,"Thí sinh trúng tuyển chương trình chất lượng cao bằng PT1 với 25,00 điểm được hưởng mức học bổng học phí nào?",Được học bổng 50% học phí năm thứ nhất.,"Có. Với 25,00 điểm trúng tuyển theo PT1, thí sinh chương trình chất lượng cao được học bổng **50% học phí năm thứ nhất**. [07_scholarships_tuition__t512_o128__c0001]",1.0,1,0,1,1.0,1.0,1.0,0,,2051,59,,
DHHPQA-TEST-A3-031,TEST,A3,MEDIUM,ANSWER,GPT_5_6_TERRA_BATCH,"Thí sinh trúng tuyển chương trình chất lượng cao bằng PT1 với 26,99 điểm được hưởng mức học bổng học phí nào?",Được học bổng 50% học phí năm thứ nhất.,"Có. Điểm PT1 26,99 thuộc khoảng từ 25,00 đến dưới 27,00, nên được học bổng **50% học phí năm thứ nhất** của chương trình chất lượng cao. [07_scholarships_tuition__t512_o128__c0001]",1.0,1,0,1,1.0,1.0,1.0,0,,2331,67,,
DHHPQA-TEST-A3-032,TEST,A3,MEDIUM,ANSWER,GPT_5_6_TERRA_BATCH,"Thí sinh trúng tuyển chương trình chất lượng cao bằng PT1 với 27,00 điểm được hưởng mức học bổng học phí nào?",Được học bổng 100% học phí năm thứ nhất.,"Thí sinh trúng tuyển chương trình chất lượng cao bằng PT1 với 27,00 điểm được học bổng **100% học phí năm thứ nhất**. [07_scholarships_tuition__t512_o128__c0001]",1.0,1,0,1,1.0,1.0,1.0,0,,2332,56,,
DHHPQA-TEST-A4-001,TEST,A4,HARD,ANSWER,GPT_5_6_TERRA_BATCH,"Hãy tóm tắt mã xét tuyển, phương thức, tổ hợp, chỉ tiêu hiện hành và ngưỡng PT1 của Kinh tế: Logistics và vận tải đa phương thức (CLC).","Mã 731010120; phương thức PT1, PT2, PT3, PT4, PT5; tổ hợp A00, A01, C01, C03, C04, D01; Chỉ tiêu hiện hành của Kinh tế: Logistics và vận tải đa phương thức (CLC) là 50. Ngưỡng PT1 18,00 điểm.","- **Mã xét tuyển:** 731010120; **mã ngành:** 7310101. [03_programs_current_2026__t512_o128__c0001]  
- **Phương thức:** PT1, PT2, PT3, PT4, PT5. PT1 là xét điểm thi tốt nghiệp THPT năm 2026. [03_programs_current_2026__t512_o128__c0001] [02_methods_restrictions__t512_o128__c0001]  
- **Tổ hợp:** A00, A01, C01, C03, C04, D01. [03_programs_current_2026__t512_o128__c0001]  
- **Chỉ tiêu hiện hành:** dự kiến 50. [03_programs_current_2026__t512_o128__c0001]  
- **Ngưỡng PT1:** 18,00; chưa công bố điều kiện bổ sung trong bảng ngưỡng. [03_programs_current_2026__t512_o128__c0001]",1.0,1,0,6,0.8333333333333334,0.5,0.5,0,,2998,235,,
DHHPQA-TEST-A4-002,TEST,A4,HARD,ANSWER,GPT_5_6_TERRA_BATCH,"Hãy tóm tắt mã xét tuyển, phương thức, tổ hợp, chỉ tiêu hiện hành và ngưỡng PT1 của Quản trị kinh doanh: Kinh doanh số và đổi mới sáng tạo (CLC).","Mã 734010120; phương thức PT1, PT2, PT3, PT4, PT5; tổ hợp A00, A01, C01, C03, C04, D01; Chỉ tiêu hiện hành của Quản trị kinh doanh: Kinh doanh số và đổi mới sáng tạo (CLC) là 50. Ngưỡng PT1 17,50 điểm.","- **Mã xét tuyển:** 734010120; mã ngành 7340101. [03_programs_current_2026__t512_o128__c0001]  
- **Phương thức:** PT1, PT2, PT3, PT4, PT5. PT1 là xét điểm thi tốt nghiệp THPT 2026. [03_programs_current_2026__t512_o128__c0001][02_methods_restrictions__t512_o128__c0001]  
- **Tổ hợp:** A00, A01, C01, C03, C04, D01. [03_programs_current_2026__t512_o128__c0001]  
- **Chỉ tiêu hiện hành:** dự kiến 50. [03_programs_current_2026__t512_o128__c0001]  
- **Ngưỡng PT1:** 17,50 điểm; chưa công bố điều kiện bổ sung trong bảng ngưỡng. [03_programs_current_2026__t512_o128__c0001]",1.0,1,0,6,0.8333333333333334,0.5,0.5,0,,3055,231,,
DHHPQA-TEST-A4-003,TEST,A4,HARD,ANSWER,GPT_5_6_TERRA_BATCH,"Hãy tóm tắt mã xét tuyển, phương thức, tổ hợp, chỉ tiêu hiện hành và ngưỡng PT1 của Quản trị kinh doanh: Quản trị kinh doanh quốc tế (CLC).","Mã 734010121; phương thức PT1, PT2, PT3, PT4, PT5; tổ hợp A00, A01, C01, C03, C04, D01; Chỉ tiêu hiện hành của Quản trị kinh doanh: Quản trị kinh doanh quốc tế (CLC) là 50. Ngưỡng PT1 17,50 điểm.","- **Mã xét tuyển:** 734010121 — Quản trị kinh doanh: Quản trị kinh doanh quốc tế (CLC); mã ngành 7340101. [03_programs_current_2026__t512_o128__c0001]  
- **Phương thức:** PT1, PT2, PT3, PT4, PT5. PT1 xét điểm thi tốt nghiệp THPT năm 2026. [03_programs_current_2026__t512_o128__c0001] [02_methods_restrictions__t512_o128__c0001]  
- **Tổ hợp:** A00, A01, C01, C03, C04, D01. [03_programs_current_2026__t512_o128__c0001]  
- **Chỉ tiêu hiện hành:** dự kiến 50. [03_programs_current_2026__t512_o128__c0001]  
- **Ngưỡng PT1:** 17,50 điểm; chưa công bố điều kiện bổ sung trong bảng ngưỡng. [03_programs_current_2026__t512_o128__c0001]",1.0,1,0,6,0.8333333333333334,0.5,0.5,0,,3053,248,,
DHHPQA-TEST-A4-004,TEST,A4,HARD,ANSWER,GPT_5_6_TERRA_BATCH,"Hãy tóm tắt mã xét tuyển, phương thức, tổ hợp, chỉ tiêu hiện hành và ngưỡng PT1 của Kế toán: Kế toán doanh nghiệp theo định hướng ACCA (CLC).","Mã 734030120; phương thức PT1, PT2, PT3, PT4, PT5; tổ hợp A00, A01, C01, C02, D01, D07; Chỉ tiêu hiện hành của Kế toán: Kế toán doanh nghiệp theo định hướng ACCA (CLC) là 50. Ngưỡng PT1 17,50 điểm.","- **Mã xét tuyển:** 734030120; mã ngành 7340301. [03_programs_current_2026__t512_o128__c0001]  
- **Phương thức:** PT1, PT2, PT3, PT4, PT5. PT1 là xét điểm thi tốt nghiệp THPT năm 2026. [03_programs_current_2026__t512_o128__c0001] [02_methods_restrictions__t512_o128__c0001]  
- **Tổ hợp:** A00, A01, C01, C02, D01, D07. [03_programs_current_2026__t512_o128__c0001]  
- **Chỉ tiêu hiện hành:** dự kiến 50. [03_programs_current_2026__t512_o128__c0001]  
- **Ngưỡng PT1:** 17,50 điểm; không công bố điều kiện bổ sung trong bảng ngưỡng. [03_programs_current_2026__t512_o128__c0001]",1.0,1,0,6,0.8333333333333334,0.5,0.5,0,,3233,233,,
DHHPQA-TEST-A4-005,TEST,A4,HARD,ANSWER,GPT_5_6_TERRA_BATCH,"Hãy tóm tắt mã xét tuyển, phương thức, tổ hợp, chỉ tiêu hiện hành và ngưỡng PT1 của Công nghệ kỹ thuật điện, điện tử: Công nghệ điện tử, vi mạch và bán dẫn (CLC).","Mã 751030120; phương thức PT1, PT2, PT3, PT4, PT5; tổ hợp A00, A01, A02, A10, C01, D01; Chỉ tiêu hiện hành của Công nghệ kỹ thuật điện, điện tử: Công nghệ điện tử, vi mạch và bán dẫn (CLC) là 50. Ngưỡng PT1 17,50 điểm.","- **Mã xét tuyển:** 751030120; **mã ngành:** 7510301. [03_programs_current_2026__t512_o128__c0001]  
- **Phương thức:** PT1, PT2, PT3, PT4, PT5. PT1 là xét điểm thi tốt nghiệp THPT năm 2026. [03_programs_current_2026__t512_o128__c0001] [02_methods_restrictions__t512_o128__c0001]  
- **Tổ hợp:** A00, A01, A02, A10, C01, D01. [03_programs_current_2026__t512_o128__c0001]  
- **Chỉ tiêu hiện hành:** dự kiến 50. [03_programs_current_2026__t512_o128__c0001]  
- **Ngưỡng PT1:** 17,50 điểm; chưa công bố điều kiện bổ sung. [03_programs_current_2026__t512_o128__c0001]",1.0,1,0,6,0.8333333333333334,0.5,0.5,0,,3046,231,,
DHHPQA-TEST-A4-006,TEST,A4,HARD,ANSWER,GPT_5_6_TERRA_BATCH,"Hãy tóm tắt mã xét tuyển, phương thức, tổ hợp, chỉ tiêu hiện hành và ngưỡng PT1 của Quản trị kinh doanh.","Mã 734010101; phương thức PT1, PT2, PT3, PT4, PT5; tổ hợp A00, A01, C01, C03, C04, D01; Nguồn hiện hành chỉ công bố tổng 100 chỉ tiêu cho nhóm chứa Quản trị kinh doanh; chưa công bố phân bổ riêng cho mã 734010101. Ngưỡng PT1 17,00 điểm.","- **Mã xét tuyển:** 734010101 – Quản trị kinh doanh; mã ngành 7340101. [03_programs_current_2026__t512_o128__c0002]  
- **Phương thức:** PT1, PT2, PT3, PT4, PT5. PT1 là xét điểm thi tốt nghiệp THPT năm 2026. [03_programs_current_2026__t512_o128__c0002] [02_methods_restrictions__t512_o128__c0001]  
- **Tổ hợp:** A00, A01, C01, C03, C04, D01. [03_programs_current_2026__t512_o128__c0002]  
- **Chỉ tiêu hiện hành:** công bố tổng chỉ tiêu nhóm/ngành Quản trị kinh doanh là **100**; chưa công bố chỉ tiêu riêng cho mã 734010101. [03_programs_current_2026__t512_o128__c0002]  
- **Ngưỡng PT1:** **17,00 điểm**; chưa công bố điều kiện bổ sung. [03_programs_current_2026__t512_o128__c0002]",1.0,1,0,6,0.8333333333333334,0.5,0.5,0,,3044,261,,
DHHPQA-TEST-A4-007,TEST,A4,HARD,ANSWER,GPT_5_6_TERRA_BATCH,"Hãy tóm tắt mã xét tuyển, phương thức, tổ hợp, chỉ tiêu hiện hành và ngưỡng PT1 của Quản trị tài chính kế toán.","Mã 734010102; phương thức PT1, PT2, PT3, PT4, PT5; tổ hợp A00, A01, C01, C03, C04, D01; Nguồn hiện hành chỉ công bố tổng 100 chỉ tiêu cho nhóm chứa Quản trị tài chính kế toán; chưa công bố phân bổ riêng cho mã 734010102. Ngưỡng PT1 17,00 điểm.","- **Mã xét tuyển:** 734010102 – Quản trị tài chính kế toán; mã ngành 7340101. [03_programs_current_2026__t512_o128__c0002]  
- **Phương thức:** PT1, PT2, PT3, PT4, PT5. PT1 xét điểm thi tốt nghiệp THPT năm 2026. [03_programs_current_2026__t512_o128__c0002] [02_methods_restrictions__t512_o128__c0001]  
- **Tổ hợp:** A00, A01, C01, C03, C04, D01. [03_programs_current_2026__t512_o128__c0002]  
- **Chỉ tiêu hiện hành:** Chưa công bố riêng cho mã 734010102; chỉ công bố tổng chỉ tiêu nhóm/ngành Quản trị kinh doanh là **100**, không suy ra chỉ tiêu của mã này. [03_programs_current_2026__t512_o128__c0002]  
- **Ngưỡng PT1:** **17,00 điểm**; không có điều kiện bổ sung được công bố. [03_programs_current_2026__t512_o128__c0002]",1.0,1,0,6,0.8333333333333334,0.5,0.5,0,,3046,272,,
DHHPQA-TEST-A4-008,TEST,A4,HARD,ANSWER,GPT_5_6_TERRA_BATCH,"Hãy tóm tắt mã xét tuyển, phương thức, tổ hợp, chỉ tiêu hiện hành và ngưỡng PT1 của Marketing số.","Mã 734011501; phương thức PT1, PT2, PT3, PT4, PT5; tổ hợp A00, A01, C01, C03, C04, D01; Nguồn hiện hành chỉ công bố tổng 200 chỉ tiêu cho nhóm chứa Marketing số; chưa công bố phân bổ riêng cho mã 734011501. Ngưỡng PT1 17,00 điểm.","- **Mã xét tuyển:** 734011501; **mã ngành:** 7340115. [03_programs_current_2026__t512_o128__c0002]  
- **Phương thức:** PT1, PT2, PT3, PT4, PT5. PT1 xét điểm thi tốt nghiệp THPT năm 2026. [03_programs_current_2026__t512_o128__c0002] [02_methods_restrictions__t512_o128__c0001]  
- **Tổ hợp:** A00, A01, C01, C03, C04, D01. [03_programs_current_2026__t512_o128__c0002]  
- **Chỉ tiêu hiện hành:** chỉ công bố tổng chỉ tiêu nhóm/ngành Marketing là **200**; chưa công bố phân bổ riêng cho Marketing số, nên không thể coi 200 là chỉ tiêu của mã 734011501. [03_programs_current_2026__t512_o128__c0002]  
- **Ngưỡng PT1:** **17,00 điểm**; chưa công bố điều kiện bổ sung trong bảng ngưỡng. [03_programs_current_2026__t512_o128__c0002]",1.0,1,0,6,0.8333333333333334,0.5,0.5,0,,3041,272,,
DHHPQA-TEST-A4-009,TEST,A4,HARD,ANSWER,GPT_5_6_TERRA_BATCH,"Hãy tóm tắt mã xét tuyển, phương thức, tổ hợp, chỉ tiêu hiện hành và ngưỡng PT1 của Marketing.","Mã 734011502; phương thức PT1, PT2, PT3, PT4, PT5; tổ hợp A00, A01, C01, C03, C04, D01; Nguồn hiện hành chỉ công bố tổng 200 chỉ tiêu cho nhóm chứa Marketing; chưa công bố phân bổ riêng cho mã 734011502. Ngưỡng PT1 17,00 điểm.","- **Mã xét tuyển:** 734011502 – Marketing; mã ngành 7340115. [03_programs_current_2026__t512_o128__c0002]  
- **Phương thức:** PT1, PT2, PT3, PT4, PT5. PT1 là xét điểm thi tốt nghiệp THPT năm 2026. [03_programs_current_2026__t512_o128__c0002] [02_methods_restrictions__t512_o128__c0001]  
- **Tổ hợp:** A00, A01, C01, C03, C04, D01. [03_programs_current_2026__t512_o128__c0002]  
- **Chỉ tiêu hiện hành:** chỉ công bố tổng chỉ tiêu nhóm/ngành Marketing là **200**; chưa công bố chỉ tiêu riêng cho mã 734011502. [03_programs_current_2026__t512_o128__c0002]  
- **Ngưỡng PT1:** **17,00 điểm**; không công bố điều kiện bổ sung. [03_programs_current_2026__t512_o128__c0002]",1.0,1,0,6,0.8333333333333334,0.5,0.5,0,,3040,254,,
DHHPQA-TEST-A4-010,TEST,A4,HARD,ANSWER,GPT_5_6_TERRA_BATCH,"Hãy tóm tắt mã xét tuyển, phương thức, tổ hợp, chỉ tiêu hiện hành và ngưỡng PT1 của Truyền thông marketing.","Mã 734011503; phương thức PT1, PT2, PT3, PT4, PT5; tổ hợp A00, A01, C01, C03, C04, D01; Nguồn hiện hành chỉ công bố tổng 200 chỉ tiêu cho nhóm chứa Truyền thông marketing; chưa công bố phân bổ riêng cho mã 734011503. Ngưỡng PT1 17,00 điểm.","- **Mã xét tuyển:** 734011503 – Truyền thông marketing; mã ngành 7340115. [03_programs_current_2026__t512_o128__c0002]  
- **Phương thức:** PT1, PT2, PT3, PT4, PT5. PT1 xét điểm thi tốt nghiệp THPT 2026. [03_programs_current_2026__t512_o128__c0002] [02_methods_restrictions__t512_o128__c0001]  
- **Tổ hợp:** A00, A01, C01, C03, C04, D01. [03_programs_current_2026__t512_o128__c0002]  
- **Chỉ tiêu hiện hành:** Chưa công bố chỉ tiêu riêng cho mã 734011503; chỉ công bố tổng chỉ tiêu nhóm/ngành Marketing là **200**, không thể suy ra chỉ tiêu của Truyền thông marketing. [03_programs_current_2026__t512_o128__c0002]  
- **Ngưỡng PT1:** **17,00 điểm**; không có điều kiện bổ sung được công bố. [03_programs_current_2026__t512_o128__c0002]",1.0,1,0,6,0.8333333333333334,0.5,0.5,0,,3044,271,,
DHHPQA-TEST-A4-011,TEST,A4,HARD,ANSWER,GPT_5_6_TERRA_BATCH,"Hãy tóm tắt mã xét tuyển, phương thức, tổ hợp, chỉ tiêu hiện hành và ngưỡng PT1 của Thương mại điện tử.","Mã 734012201; phương thức PT1, PT2, PT3, PT4, PT5; tổ hợp A00, A01, C01, C03, C04, D01; Chỉ tiêu hiện hành của Thương mại điện tử là 110. Ngưỡng PT1 17,00 điểm.","- **Mã xét tuyển:** 734012201 (mã ngành 7340122) – Thương mại điện tử. [03_programs_current_2026__t512_o128__c0002]  
- **Phương thức:** PT1, PT2, PT3, PT4, PT5. PT1 xét điểm thi tốt nghiệp THPT năm 2026. [03_programs_current_2026__t512_o128__c0002] [02_methods_restrictions__t512_o128__c0001]  
- **Tổ hợp:** A00, A01, C01, C03, C04, D01. [03_programs_current_2026__t512_o128__c0002]  
- **Chỉ tiêu hiện hành:** dự kiến 110. [03_programs_current_2026__t512_o128__c0002]  
- **Ngưỡng PT1:** 17,00 điểm; chưa công bố điều kiện bổ sung. [03_programs_current_2026__t512_o128__c0002]",1.0,1,0,6,0.8333333333333334,0.5,0.5,0,,3061,235,,
DHHPQA-TEST-A4-012,TEST,A4,HARD,ANSWER,GPT_5_6_TERRA_BATCH,"Hãy tóm tắt mã xét tuyển, phương thức, tổ hợp, chỉ tiêu hiện hành và ngưỡng PT1 của Tài chính doanh nghiệp.","Mã 734020102; phương thức PT1, PT2, PT3, PT4, PT5; tổ hợp A00, A01, C01, C02, D01, D07; Nguồn hiện hành chỉ công bố tổng 125 chỉ tiêu cho nhóm chứa Tài chính doanh nghiệp; chưa công bố phân bổ riêng cho mã 734020102. Ngưỡng PT1 17,00 điểm.","- **Mã xét tuyển:** 734020102 – Tài chính doanh nghiệp; mã ngành 7340201. [03_programs_current_2026__t512_o128__c0002]  
- **Phương thức:** PT1, PT2, PT3, PT4, PT5. PT1 xét điểm thi tốt nghiệp THPT năm 2026. [03_programs_current_2026__t512_o128__c0002] [02_methods_restrictions__t512_o128__c0001]  
- **Tổ hợp:** A00, A01, C01, C02, D01, D07. [03_programs_current_2026__t512_o128__c0002]  
- **Chỉ tiêu hiện hành:** Chưa công bố chỉ tiêu riêng cho mã 734020102; chỉ công bố tổng chỉ tiêu nhóm/ngành Tài chính – Ngân hàng là **125**. [03_programs_current_2026__t512_o128__c0002]  
- **Ngưỡng PT1:** **17,00 điểm**; không có điều kiện bổ sung được công bố. [03_programs_current_2026__t512_o128__c0002]",1.0,1,0,6,0.8333333333333334,0.5,0.5,0,,3061,266,,
DHHPQA-TEST-A4-013,TEST,A4,HARD,ANSWER,GPT_5_6_TERRA_BATCH,"Hãy tóm tắt mã xét tuyển, phương thức, tổ hợp, chỉ tiêu hiện hành và ngưỡng PT1 của Kế toán doanh nghiệp.","Mã 734030102; phương thức PT1, PT2, PT3, PT4, PT5; tổ hợp A00, A01, C01, C02, D01, D07; Nguồn hiện hành chỉ công bố tổng 150 chỉ tiêu cho nhóm chứa Kế toán doanh nghiệp; chưa công bố phân bổ riêng cho mã 734030102. Ngưỡng PT1 17,00 điểm.","- **Mã xét tuyển:** 734030102; mã ngành 7340301. [03_programs_current_2026__t512_o128__c0003]  
- **Phương thức:** PT1, PT2, PT3, PT4, PT5. PT1 xét điểm thi tốt nghiệp THPT năm 2026. [03_programs_current_2026__t512_o128__c0003] [02_methods_restrictions__t512_o128__c0001]  
- **Tổ hợp:** A00, A01, C01, C02, D01, D07. [03_programs_current_2026__t512_o128__c0003]  
- **Chỉ tiêu hiện hành:** 150 là tổng chỉ tiêu nhóm/ngành Kế toán; chưa công bố chỉ tiêu riêng cho mã 734030102. [03_programs_current_2026__t512_o128__c0003]  
- **Ngưỡng PT1:** 17,00; không có điều kiện bổ sung được công bố. [03_programs_current_2026__t512_o128__c0003]",1.0,1,0,6,0.8333333333333334,0.5,0.5,0,,3061,249,,
DHHPQA-TEST-A4-014,TEST,A4,HARD,ANSWER,GPT_5_6_TERRA_BATCH,"Hãy tóm tắt mã xét tuyển, phương thức, tổ hợp, chỉ tiêu hiện hành và ngưỡng PT1 của Kế toán - Kiểm toán.","Mã 734030103; phương thức PT1, PT2, PT3, PT4, PT5; tổ hợp A00, A01, C01, C02, D01, D07; Nguồn hiện hành chỉ công bố tổng 150 chỉ tiêu cho nhóm chứa Kế toán - Kiểm toán; chưa công bố phân bổ riêng cho mã 734030103. Ngưỡng PT1 17,00 điểm.","- **Mã xét tuyển:** 734030103; **mã ngành:** 7340301. [03_programs_current_2026__t512_o128__c0003]  
- **Phương thức:** PT1, PT2, PT3, PT4, PT5. PT1 là xét điểm thi tốt nghiệp THPT năm 2026. [03_programs_current_2026__t512_o128__c0003] [02_methods_restrictions__t512_o128__c0001]  
- **Tổ hợp:** A00, A01, C01, C02, D01, D07. [03_programs_current_2026__t512_o128__c0003]  
- **Chỉ tiêu hiện hành:** công bố **150 chỉ tiêu cho nhóm/ngành Kế toán**; chưa có phân bổ riêng cho mã 734030103, nên không thể coi 150 là chỉ tiêu riêng của Kế toán - Kiểm toán. [03_programs_current_2026__t512_o128__c0003]  
- **Ngưỡng PT1:** 17,00 điểm; không công bố điều kiện bổ sung trong bảng ngưỡng. [03_programs_current_2026__t512_o128__c0003]",1.0,1,0,6,0.8333333333333334,0.5,0.5,0,,3063,277,,
DHHPQA-TEST-A4-015,TEST,A4,HARD,ANSWER,GPT_5_6_TERRA_BATCH,"Hãy tóm tắt mã xét tuyển, phương thức, tổ hợp, chỉ tiêu hiện hành và ngưỡng PT1 của Ngôn ngữ Trung Quốc.","Mã 722020401; phương thức PT1, PT3.1, PT5; tổ hợp D01, D04, D09, D14, D15, D45; Chỉ tiêu hiện hành của Ngôn ngữ Trung Quốc là 145. Ngưỡng PT1 17,50 điểm.","- **Mã xét tuyển:** 722020401; mã ngành 7220204. [03_programs_current_2026__t512_o128__c0003]  
- **Phương thức:** PT1, PT3.1, PT5. PT1 xét điểm thi tốt nghiệp THPT 2026; PT3.1 kết hợp chứng chỉ ngoại ngữ với điểm thi THPT 2026; PT5 xét tuyển thẳng. [03_programs_current_2026__t512_o128__c0003] [02_methods_restrictions__t512_o128__c0001]  
- **Tổ hợp:** D01, D04, D09, D14, D15, D45. [03_programs_current_2026__t512_o128__c0003]  
- **Chỉ tiêu dự kiến:** 145. [03_programs_current_2026__t512_o128__c0003]  
- **Ngưỡng PT1:** 17,50 điểm; chưa công bố điều kiện bổ sung trong bảng ngưỡng. [03_programs_current_2026__t512_o128__c0003]",1.0,1,0,6,0.8333333333333334,0.5,0.5,0,,3009,252,,
DHHPQA-TEST-A4-016,TEST,A4,HARD,ANSWER,GPT_5_6_TERRA_BATCH,"Hãy tóm tắt mã xét tuyển, phương thức, tổ hợp, chỉ tiêu hiện hành và ngưỡng PT1 của Văn học.","Mã 722903001; phương thức PT1, PT2, PT3, PT4, PT5; tổ hợp C00, C03, C04, C19, C20, D15; Chỉ tiêu hiện hành của Văn học là 60. Ngưỡng PT1 17,00 điểm.","**Văn học** có mã xét tuyển **722903001** (mã ngành 7229030). [03_programs_current_2026__t512_o128__c0003]

- **Phương thức:** PT1, PT2, PT3, PT4, PT5. PT1 xét điểm thi tốt nghiệp THPT năm 2026. [03_programs_current_2026__t512_o128__c0003] [02_methods_restrictions__t512_o128__c0001]
- **Tổ hợp:** C00, C03, C04, C19, C20, D15. [03_programs_current_2026__t512_o128__c0003]
- **Chỉ tiêu dự kiến hiện hành:** 60. [03_programs_current_2026__t512_o128__c0003]
- **Ngưỡng PT1:** 17,00 điểm; chưa công bố điều kiện bổ sung. [03_programs_current_2026__t512_o128__c0003]",1.0,1,0,6,0.8333333333333334,0.5,0.5,0,,3936,227,,
DHHPQA-TEST-A4-017,TEST,A4,HARD,ANSWER,GPT_5_6_TERRA_BATCH,"Hãy tóm tắt mã xét tuyển, phương thức, tổ hợp, chỉ tiêu hiện hành và ngưỡng PT1 của Kinh tế ngoại thương.","Mã 731010102; phương thức PT1, PT2, PT3, PT4, PT5; tổ hợp A00, A01, C01, C03, C04, D01; Nguồn hiện hành chỉ công bố tổng 150 chỉ tiêu cho nhóm chứa Kinh tế ngoại thương; chưa công bố phân bổ riêng cho mã 731010102. Ngưỡng PT1 17,00 điểm.","- **Mã xét tuyển:** 731010102 – Kinh tế ngoại thương; mã ngành 7310101. [03_programs_current_2026__t512_o128__c0003]  
- **Phương thức:** PT1, PT2, PT3, PT4, PT5. PT1 xét điểm thi tốt nghiệp THPT năm 2026. [03_programs_current_2026__t512_o128__c0003] [02_methods_restrictions__t512_o128__c0001]  
- **Tổ hợp:** A00, A01, C01, C03, C04, D01. [03_programs_current_2026__t512_o128__c0003]  
- **Chỉ tiêu hiện hành:** 150 là tổng chỉ tiêu của nhóm/ngành Kinh tế; **chưa công bố** chỉ tiêu riêng cho mã 731010102. [03_programs_current_2026__t512_o128__c0003]  
- **Ngưỡng PT1:** 17,00; chưa công bố điều kiện bổ sung. [03_programs_current_2026__t512_o128__c0003]",1.0,1,0,6,0.8333333333333334,0.5,0.5,0,,3940,257,,
DHHPQA-TEST-A4-018,TEST,A4,HARD,ANSWER,GPT_5_6_TERRA_BATCH,"Hãy tóm tắt mã xét tuyển, phương thức, tổ hợp, chỉ tiêu hiện hành và ngưỡng PT1 của Quản lý kinh tế.","Mã 731010103; phương thức PT1, PT2, PT3, PT4, PT5; tổ hợp A00, A01, C01, C03, C04, D01; Nguồn hiện hành chỉ công bố tổng 150 chỉ tiêu cho nhóm chứa Quản lý kinh tế; chưa công bố phân bổ riêng cho mã 731010103. Ngưỡng PT1 17,00 điểm.","**Quản lý kinh tế** có mã xét tuyển **731010103** (mã ngành 7310101). [03_programs_current_2026__t512_o128__c0004]

- **Phương thức:** PT1, PT2, PT3, PT4, PT5. PT1 xét điểm thi tốt nghiệp THPT năm 2026. [03_programs_current_2026__t512_o128__c0004] [02_methods_restrictions__t512_o128__c0001]
- **Tổ hợp:** A00, A01, C01, C03, C04, D01. [03_programs_current_2026__t512_o128__c0004]
- **Chỉ tiêu hiện hành:** công bố **150 chỉ tiêu cho nhóm/ngành Kinh tế**, chưa có phân bổ riêng cho mã 731010103; không thể xem 150 là chỉ tiêu riêng của Quản lý kinh tế. [03_programs_current_2026__t512_o128__c0004]
- **Ngưỡng PT1:** **17,00 điểm**; chưa công bố điều kiện bổ sung trong bảng ngưỡng. [03_programs_current_2026__t512_o128__c0004]",1.0,1,0,6,0.8333333333333334,0.5,0.5,0,,3008,272,,
DHHPQA-TEST-A4-019,TEST,A4,HARD,ANSWER,GPT_5_6_TERRA_BATCH,"Hãy tóm tắt mã xét tuyển, phương thức, tổ hợp, chỉ tiêu hiện hành và ngưỡng PT1 của Logistics và vận tải đa phương thức.","Mã 731010104; phương thức PT1, PT2, PT3, PT4, PT5; tổ hợp A00, A01, C01, C03, C04, D01; Nguồn hiện hành chỉ công bố tổng 150 chỉ tiêu cho nhóm chứa Logistics và vận tải đa phương thức; chưa công bố phân bổ riêng cho mã 731010104. Ngưỡng PT1 18,00 điểm.","**Logistics và vận tải đa phương thức** (mã xét tuyển **731010104**, mã ngành **7310101**):  
- Phương thức: **PT1, PT2, PT3, PT4, PT5**. PT1 xét điểm thi tốt nghiệp THPT năm 2026. [03_programs_current_2026__t512_o128__c0004] [02_methods_restrictions__t512_o128__c0001]  
- Tổ hợp: **A00, A01, C01, C03, C04, D01**. [03_programs_current_2026__t512_o128__c0004]  
- Chỉ tiêu hiện hành: chỉ công bố **150 chỉ tiêu tổng của nhóm/ngành Kinh tế**; chưa công bố chỉ tiêu riêng cho mã 731010104. [03_programs_current_2026__t512_o128__c0004]  
- Ngưỡng PT1: **18,00 điểm**; không công bố điều kiện bổ sung. [03_programs_current_2026__t512_o128__c0004]",1.0,1,0,5,0.8,0.5,0.5,0,,2993,244,,
DHHPQA-TEST-A4-020,TEST,A4,HARD,ANSWER,GPT_5_6_TERRA_BATCH,"Hãy tóm tắt mã xét tuyển, phương thức, tổ hợp, chỉ tiêu hiện hành và ngưỡng PT1 của Tâm lý học giáo dục.","Mã 731040101; phương thức PT1, PT2, PT3, PT4, PT5; tổ hợp C00, C03, C04, D01, D15, X01; Nguồn hiện hành chỉ công bố tổng 50 chỉ tiêu cho nhóm chứa Tâm lý học giáo dục; chưa công bố phân bổ riêng cho mã 731040101. Ngưỡng PT1 17,00 điểm.","- **Mã xét tuyển:** 731040101 – Tâm lý học giáo dục; mã ngành 7310401. [03_programs_current_2026__t512_o128__c0004]  
- **Phương thức:** PT1, PT2, PT3, PT4, PT5. PT1 là xét điểm thi tốt nghiệp THPT năm 2026. [03_programs_current_2026__t512_o128__c0004] [02_methods_restrictions__t512_o128__c0001]  
- **Tổ hợp:** C00, C03, C04, D01, D15, X01. [03_programs_current_2026__t512_o128__c0004]  
- **Chỉ tiêu hiện hành:** 50 cho nhóm/ngành Tâm lý học (dự kiến mở); chưa công bố phân bổ riêng cho mã 731040101. [03_programs_current_2026__t512_o128__c0004]  
- **Ngưỡng PT1:** 17,00 điểm; chưa công bố điều kiện bổ sung trong bảng ngưỡng. [03_programs_current_2026__t512_o128__c0004]",1.0,1,0,6,0.8333333333333334,0.5,0.5,0,,3009,264,,
DHHPQA-TEST-A4-021,TEST,A4,HARD,ANSWER,GPT_5_6_TERRA_BATCH,"Hãy tóm tắt mã xét tuyển, phương thức, tổ hợp, chỉ tiêu hiện hành và ngưỡng PT1 của Nhật Bản học.","Mã 731060801; phương thức PT1, PT3.1, PT5; tổ hợp C00, D01, D04, D06, DD2; Nguồn hiện hành chỉ công bố tổng 50 chỉ tiêu cho nhóm chứa Nhật Bản học; chưa công bố phân bổ riêng cho mã 731060801. Ngưỡng PT1 17,00 điểm.","- **Mã xét tuyển:** 731060801; **mã ngành:** 7310608 (Nhật Bản học). [03_programs_current_2026__t512_o128__c0004]  
- **Phương thức:** PT1, PT3.1, PT5. PT1 xét điểm thi tốt nghiệp THPT 2026; PT3.1 kết hợp chứng chỉ ngoại ngữ và điểm thi THPT 2026; PT5 xét tuyển thẳng. [03_programs_current_2026__t512_o128__c0004] [02_methods_restrictions__t512_o128__c0001]  
- **Tổ hợp:** C00, D01, D04, D06, DD2. [03_programs_current_2026__t512_o128__c0004]  
- **Chỉ tiêu hiện hành:** chỉ công bố **50 chỉ tiêu tổng** cho nhóm/ngành Đông phương học (dự kiến mở); chưa công bố chỉ tiêu riêng cho mã 731060801. [03_programs_current_2026__t512_o128__c0004]  
- **Ngưỡng PT1:** 17,00 điểm; không có điều kiện bổ sung được công bố. [03_programs_current_2026__t512_o128__c0004]",1.0,1,0,6,0.8333333333333334,0.5,0.5,0,,2907,287,,
DHHPQA-TEST-A4-022,TEST,A4,HARD,ANSWER,GPT_5_6_TERRA_BATCH,"Hãy tóm tắt mã xét tuyển, phương thức, tổ hợp, chỉ tiêu hiện hành và ngưỡng PT1 của Công tác xã hội.","Mã 776010101; phương thức PT1, PT2, PT3, PT4, PT5; tổ hợp C00, C03, C04, D01, D15, X01; Chỉ tiêu hiện hành của Công tác xã hội là 65. Ngưỡng PT1 17,00 điểm.","- **Mã xét tuyển:** 776010101 – Công tác xã hội; mã ngành 7760101. [03_programs_current_2026__t512_o128__c0004]  
- **Phương thức:** PT1, PT2, PT3, PT4, PT5. PT1 xét điểm thi tốt nghiệp THPT năm 2026. [03_programs_current_2026__t512_o128__c0004] [02_methods_restrictions__t512_o128__c0001]  
- **Tổ hợp:** C00, C03, C04, D01, D15, X01. [03_programs_current_2026__t512_o128__c0004]  
- **Chỉ tiêu hiện hành:** dự kiến 65 chỉ tiêu cho mã 776010101. [03_programs_current_2026__t512_o128__c0004]  
- **Ngưỡng PT1:** 17,00 điểm; chưa công bố điều kiện bổ sung trong bảng ngưỡng. [03_programs_current_2026__t512_o128__c0004]",1.0,1,0,6,0.8333333333333334,0.5,0.5,0,,3856,245,,
DHHPQA-TEST-A4-023,TEST,A4,HARD,ANSWER,GPT_5_6_TERRA_BATCH,"Hãy tóm tắt mã xét tuyển, phương thức, tổ hợp, chỉ tiêu hiện hành và ngưỡng PT1 của Quản trị dịch vụ du lịch và lữ hành.","Mã 781010301; phương thức PT1, PT2, PT3, PT4, PT5; tổ hợp C00, C03, C04, D01, D14, D15; Nguồn hiện hành chỉ công bố tổng 210 chỉ tiêu cho nhóm chứa Quản trị dịch vụ du lịch và lữ hành; chưa công bố phân bổ riêng cho mã 781010301. Ngưỡng PT1 17,50 điểm.","- **Mã xét tuyển:** 781010301 – Quản trị dịch vụ du lịch và lữ hành; mã ngành 7810103. [03_programs_current_2026__t512_o128__c0005]  
- **Phương thức:** PT1, PT2, PT3, PT4, PT5. PT1 là xét điểm thi tốt nghiệp THPT 2026. [03_programs_current_2026__t512_o128__c0005] [02_methods_restrictions__t512_o128__c0001]  
- **Tổ hợp:** C00, C03, C04, D01, D14, D15. [03_programs_current_2026__t512_o128__c0005]  
- **Chỉ tiêu hiện hành:** 210 chỉ tiêu cho toàn nhóm/ngành Quản trị dịch vụ du lịch và lữ hành; **chưa công bố** phân bổ riêng cho mã 781010301. [03_programs_current_2026__t512_o128__c0005]  
- **Ngưỡng PT1:** 17,50 điểm; chưa công bố điều kiện bổ sung. [03_programs_current_2026__t512_o128__c0005]",1.0,1,0,6,0.8333333333333334,0.5,0.5,0,,2915,271,,
DHHPQA-TEST-A4-024,TEST,A4,HARD,ANSWER,GPT_5_6_TERRA_BATCH,"Hãy tóm tắt mã xét tuyển, phương thức, tổ hợp, chỉ tiêu hiện hành và ngưỡng PT1 của Quản trị lữ hành, khách sạn.","Mã 781010302; phương thức PT1, PT2, PT3, PT4, PT5; tổ hợp C00, C03, C04, D01, D14, D15; Nguồn hiện hành chỉ công bố tổng 210 chỉ tiêu cho nhóm chứa Quản trị lữ hành, khách sạn; chưa công bố phân bổ riêng cho mã 781010302. Ngưỡng PT1 17,00 điểm.","- **Mã xét tuyển:** 781010302 – Quản trị lữ hành, khách sạn; mã ngành 7810103. [03_programs_current_2026__t512_o128__c0005]  
- **Phương thức:** PT1, PT2, PT3, PT4, PT5. PT1 xét điểm thi tốt nghiệp THPT năm 2026. [03_programs_current_2026__t512_o128__c0005] [02_methods_restrictions__t512_o128__c0001]  
- **Tổ hợp:** C00, C03, C04, D01, D14, D15. [03_programs_current_2026__t512_o128__c0005]  
- **Chỉ tiêu hiện hành:** Chưa công bố riêng cho mã 781010302; chỉ công bố tổng chỉ tiêu nhóm/ngành Quản trị dịch vụ du lịch và lữ hành là **210**. [03_programs_current_2026__t512_o128__c0005]  
- **Ngưỡng PT1:** **17,00 điểm**; chưa công bố điều kiện bổ sung trong bảng ngưỡng. [03_programs_current_2026__t512_o128__c0005]",1.0,1,0,6,0.8333333333333334,0.5,0.5,0,,2914,276,,
DHHPQA-TEST-A5-001,TEST,A5,HARD,ANSWER_WITH_CURRENTNESS,GPT_5_6_TERRA_BATCH,"Bảng tháng 5 ghi 50 chỉ tiêu cho Logistics và vận tải đa phương thức (CLC), còn cổng hiện hành ghi 50. Khi trả lời ở thời điểm snapshot 26/7/2026 phải dùng số nào?",Phải dùng 50 chỉ tiêu cho câu hỏi hiện hành và chỉ giữ 50 như dữ liệu lịch sử tháng 5.,"Dùng **50 chỉ tiêu dự kiến** cho mã **731010120 – Logistics và vận tải đa phương thức (CLC)** tại thời điểm snapshot 26/7/2026, vì đây là số trên nguồn hiện hành. [03_programs_current_2026__t512_o128__c0001]

Bảng tháng 5 chỉ là dữ liệu lịch sử; chỉ tiêu hiện hành phải theo snapshot cổng tuyển sinh. [00_source_policy__t512_o128__c0001]",1.0,1,0,2,0.5,1.0,1.0,0,,3973,107,,
DHHPQA-TEST-A5-002,TEST,A5,HARD,ANSWER_WITH_CURRENTNESS,GPT_5_6_TERRA_BATCH,"Bảng tháng 5 ghi 50 chỉ tiêu cho Kinh doanh số và đổi mới sáng tạo (CLC), còn cổng hiện hành ghi 50. Khi trả lời ở thời điểm snapshot 26/7/2026 phải dùng số nào?",Phải dùng 50 chỉ tiêu cho câu hỏi hiện hành và chỉ giữ 50 như dữ liệu lịch sử tháng 5.,Dùng **50 chỉ tiêu** của cổng hiện hành tại snapshot 26/7/2026 cho mã 734010120 – Kinh doanh số và đổi mới sáng tạo (CLC). Bảng tháng 5 chỉ có giá trị lịch sử; chỉ tiêu hiện hành ưu tiên snapshot cổng tuyển sinh. [03_programs_current_2026__t512_o128__c0001] [00_source_policy__t512_o128__c0001],1.0,1,0,2,0.5,1.0,1.0,0,,4028,100,,
DHHPQA-TEST-A5-003,TEST,A5,HARD,ANSWER_WITH_CURRENTNESS,GPT_5_6_TERRA_BATCH,"Bảng tháng 5 ghi 50 chỉ tiêu cho Quản trị kinh doanh quốc tế (CLC), còn cổng hiện hành ghi 50. Khi trả lời ở thời điểm snapshot 26/7/2026 phải dùng số nào?",Phải dùng 50 chỉ tiêu cho câu hỏi hiện hành và chỉ giữ 50 như dữ liệu lịch sử tháng 5.,Dùng **50 chỉ tiêu** của cổng hiện hành tại snapshot 26/7/2026 cho mã **734010121 – Quản trị kinh doanh quốc tế (CLC)**. Đây là chỉ tiêu dự kiến hiện hành được công bố riêng theo mã. [03_programs_current_2026__t512_o128__c0001],1.0,1,0,1,0.0,0.0,1.0,0,,4026,76,,
DHHPQA-TEST-A5-004,TEST,A5,HARD,ANSWER_WITH_CURRENTNESS,GPT_5_6_TERRA_BATCH,"Bảng tháng 5 ghi 50 chỉ tiêu cho Kế toán doanh nghiệp theo định hướng ACCA (CLC), còn cổng hiện hành ghi 50. Khi trả lời ở thời điểm snapshot 26/7/2026 phải dùng số nào?",Phải dùng 50 chỉ tiêu cho câu hỏi hiện hành và chỉ giữ 50 như dữ liệu lịch sử tháng 5.,"Dùng **50 chỉ tiêu** của cổng hiện hành cho mã 734030120 tại snapshot 26/7/2026. Số này cũng trùng bảng tháng 5; với câu hỏi hiện hành, nguồn cổng/snapshot được ưu tiên. [03_programs_current_2026__t512_o128__c0001] [00_source_policy__t512_o128__c0001]",1.0,1,0,2,0.5,1.0,1.0,0,,4029,90,,
DHHPQA-TEST-A5-005,TEST,A5,HARD,ANSWER_WITH_CURRENTNESS,GPT_5_6_TERRA_BATCH,"Bảng tháng 5 ghi 50 chỉ tiêu cho Thiết kế game và Multimedia (CLC), còn cổng hiện hành ghi 50. Khi trả lời ở thời điểm snapshot 26/7/2026 phải dùng số nào?",Phải dùng 50 chỉ tiêu cho câu hỏi hiện hành và chỉ giữ 50 như dữ liệu lịch sử tháng 5.,"Dùng **50 chỉ tiêu** cho mã 748020120 – Thiết kế game và Multimedia (CLC), vì snapshot cổng hiện hành ngày 26/7/2026 công bố mức này. [03_programs_current_2026__t512_o128__c0001]  
Dữ liệu tháng 5 chỉ có giá trị lịch sử; chỉ tiêu hiện hành phải theo snapshot cổng tuyển sinh. [00_source_policy__t512_o128__c0001]",1.0,1,0,2,0.5,1.0,1.0,0,,2936,104,,
DHHPQA-TEST-A5-006,TEST,A5,HARD,ANSWER_WITH_CURRENTNESS,GPT_5_6_TERRA_BATCH,"Bảng tháng 5 ghi 50 chỉ tiêu cho Công nghệ điện tử, vi mạch và bán dẫn (CLC), còn cổng hiện hành ghi 50. Khi trả lời ở thời điểm snapshot 26/7/2026 phải dùng số nào?",Phải dùng 50 chỉ tiêu cho câu hỏi hiện hành và chỉ giữ 50 như dữ liệu lịch sử tháng 5.,"Dùng **50 chỉ tiêu** theo snapshot cổng tuyển sinh ngày 26/7/2026 cho mã 751030120 – Công nghệ điện tử, vi mạch và bán dẫn (CLC). Số này cũng trùng với bảng tháng 5; tuy nhiên, khi trả lời hiện hành phải ưu tiên nguồn cổng hiện hành. [03_programs_current_2026__t512_o128__c0001] [00_source_policy__t512_o128__c0001]",1.0,1,0,2,0.5,1.0,1.0,0,,3999,107,,
DHHPQA-TEST-A5-007,TEST,A5,HARD,ANSWER_WITH_CURRENTNESS,GPT_5_6_TERRA_BATCH,"Bảng tháng 5 ghi 70 chỉ tiêu cho Luật, còn cổng hiện hành ghi 70. Khi trả lời ở thời điểm snapshot 26/7/2026 phải dùng số nào?",Phải dùng 70 chỉ tiêu cho câu hỏi hiện hành và chỉ giữ 70 như dữ liệu lịch sử tháng 5.,Dùng **70 chỉ tiêu** theo snapshot cổng tuyển sinh ngày 26/7/2026; đây là số hiện hành cho mã Luật 738010101. [03_programs_current_2026__t512_o128__c0002],1.0,1,0,1,0.0,0.0,1.0,0,,4019,58,,
DHHPQA-TEST-A5-008,TEST,A5,HARD,ANSWER_WITH_CURRENTNESS,GPT_5_6_TERRA_BATCH,"Bảng tháng 5 ghi 250 chỉ tiêu cho Quản trị kinh doanh, còn cổng hiện hành ghi 100. Khi trả lời ở thời điểm snapshot 26/7/2026 phải dùng số nào?",Phải dùng 100 chỉ tiêu cho câu hỏi hiện hành và chỉ giữ 250 như dữ liệu lịch sử tháng 5.,"Dùng **100 chỉ tiêu** theo snapshot cổng tuyển sinh ngày 26/7/2026. Đây là tổng chỉ tiêu hiện hành của nhóm/ngành Quản trị kinh doanh; chưa có phân bổ riêng cho mã 734010101. Số 250 trong bảng tháng 5 là dữ liệu cũ, không dùng cho câu hỏi hiện hành. [03_programs_current_2026__t512_o128__c0002] [00_source_policy__t512_o128__c0001]",1.0,1,0,2,0.5,1.0,1.0,0,,4022,110,,
DHHPQA-TEST-A5-009,TEST,A5,HARD,ANSWER_WITH_CURRENTNESS,GPT_5_6_TERRA_BATCH,"Bảng tháng 5 ghi 150 chỉ tiêu cho Marketing, còn cổng hiện hành ghi 200. Khi trả lời ở thời điểm snapshot 26/7/2026 phải dùng số nào?",Phải dùng 200 chỉ tiêu cho câu hỏi hiện hành và chỉ giữ 150 như dữ liệu lịch sử tháng 5.,"Dùng **200 chỉ tiêu** theo snapshot cổng tuyển sinh ngày 26/7/2026. Đây là tổng chỉ tiêu hiện hành của nhóm/ngành Marketing; không được suy ra chỉ tiêu riêng cho từng chuyên ngành Marketing, Marketing số hoặc Truyền thông marketing. [03_programs_current_2026__t512_o128__c0002]

Số 150 trong bảng tháng 5 chỉ là dữ liệu lịch sử, không dùng cho câu hỏi hiện hành. [00_source_policy__t512_o128__c0001]",1.0,1,0,2,0.5,1.0,1.0,0,,4018,117,,
DHHPQA-TEST-A5-010,TEST,A5,HARD,ANSWER_WITH_CURRENTNESS,GPT_5_6_TERRA_BATCH,"Bảng tháng 5 ghi 70 chỉ tiêu cho Thương mại điện tử, còn cổng hiện hành ghi 110. Khi trả lời ở thời điểm snapshot 26/7/2026 phải dùng số nào?",Phải dùng 110 chỉ tiêu cho câu hỏi hiện hành và chỉ giữ 70 như dữ liệu lịch sử tháng 5.,"Tại snapshot 26/7/2026, dùng **110 chỉ tiêu dự kiến** cho Thương mại điện tử, mã 734012201, theo nguồn hiện hành. [03_programs_current_2026__t512_o128__c0002] Số 70 trong bảng tháng 5 là dữ liệu lịch sử, không dùng cho câu hỏi hiện hành. [00_source_policy__t512_o128__c0001]",1.0,1,0,2,0.5,1.0,1.0,0,,4022,96,,
DHHPQA-TEST-A5-011,TEST,A5,HARD,ANSWER_WITH_CURRENTNESS,GPT_5_6_TERRA_BATCH,"Bảng tháng 5 ghi 135 chỉ tiêu cho Tài chính - Ngân hàng, còn cổng hiện hành ghi 125. Khi trả lời ở thời điểm snapshot 26/7/2026 phải dùng số nào?",Phải dùng 125 chỉ tiêu cho câu hỏi hiện hành và chỉ giữ 135 như dữ liệu lịch sử tháng 5.,"Dùng **125 chỉ tiêu** cho nhóm/ngành Tài chính – Ngân hàng tại snapshot 26/7/2026. Số 135 trong bảng tháng 5 là dữ liệu lịch sử, không dùng cho thông tin hiện hành. Chưa có phân bổ riêng cho mã Tài chính doanh nghiệp 734020102. [03_programs_current_2026__t512_o128__c0002] [00_source_policy__t512_o128__c0001]",1.0,1,0,2,0.5,1.0,1.0,0,,4024,105,,
DHHPQA-TEST-A5-012,TEST,A5,HARD,ANSWER_WITH_CURRENTNESS,GPT_5_6_TERRA_BATCH,"Bảng tháng 5 ghi 285 chỉ tiêu cho Kế toán, còn cổng hiện hành ghi 150. Khi trả lời ở thời điểm snapshot 26/7/2026 phải dùng số nào?",Phải dùng 150 chỉ tiêu cho câu hỏi hiện hành và chỉ giữ 285 như dữ liệu lịch sử tháng 5.,"Dùng **150 chỉ tiêu**: đây là tổng chỉ tiêu **nhóm/ngành Kế toán** theo snapshot cổng tuyển sinh ngày 26/7/2026. [03_programs_current_2026__t512_o128__c0003]

Số **285** trong bảng tháng 5 là dữ liệu lịch sử, không dùng cho câu hỏi hiện hành. Không được suy ra chỉ tiêu riêng cho Kế toán doanh nghiệp hoặc Kế toán–Kiểm toán từ tổng 150. [00_source_policy__t512_o128__c0001]",1.0,1,0,2,0.5,1.0,1.0,0,,4020,123,,
DHHPQA-TEST-A5-013,TEST,A5,HARD,ANSWER_WITH_CURRENTNESS,GPT_5_6_TERRA_BATCH,"Bảng tháng 5 ghi 175 chỉ tiêu cho Ngôn ngữ Anh, còn cổng hiện hành ghi 145. Khi trả lời ở thời điểm snapshot 26/7/2026 phải dùng số nào?",Phải dùng 145 chỉ tiêu cho câu hỏi hiện hành và chỉ giữ 175 như dữ liệu lịch sử tháng 5.,"Dùng **145 chỉ tiêu dự kiến** cho Ngôn ngữ Anh (mã 722020101) tại snapshot 26/7/2026, vì chỉ tiêu hiện hành ưu tiên snapshot cổng tuyển sinh. Số 175 của bảng tháng 5 là dữ liệu lịch sử, không dùng cho câu hỏi hiện hành. [03_programs_current_2026__t512_o128__c0003] [00_source_policy__t512_o128__c0001]",1.0,1,0,2,0.5,1.0,1.0,0,,3175,105,,
DHHPQA-TEST-A5-014,TEST,A5,HARD,ANSWER_WITH_CURRENTNESS,GPT_5_6_TERRA_BATCH,"Bảng tháng 5 ghi 175 chỉ tiêu cho Ngôn ngữ Trung Quốc, còn cổng hiện hành ghi 145. Khi trả lời ở thời điểm snapshot 26/7/2026 phải dùng số nào?",Phải dùng 145 chỉ tiêu cho câu hỏi hiện hành và chỉ giữ 175 như dữ liệu lịch sử tháng 5.,"Tại snapshot 26/7/2026, dùng **145 chỉ tiêu dự kiến** cho mã 722020401 – Ngôn ngữ Trung Quốc theo cổng hiện hành. Số 175 trong bảng tháng 5 là dữ liệu lịch sử, không dùng cho thông tin hiện hành. [03_programs_current_2026__t512_o128__c0003] [00_source_policy__t512_o128__c0001]",1.0,1,0,2,0.5,1.0,1.0,0,,2186,97,,
DHHPQA-TEST-A5-015,TEST,A5,HARD,ANSWER_WITH_CURRENTNESS,GPT_5_6_TERRA_BATCH,"Ngày 19/6/2026, thí sinh còn trong thời hạn nộp hồ sơ PT3-PT5 không?",Có. Thời hạn nhận hồ sơ PT3-PT5 kéo dài đến ngày 20/6/2026.,"Có. Ngày 19/6/2026 vẫn trong thời gian nhận hồ sơ PT3, PT4, PT5 (25/5–20/6/2026). [04_registration_deadlines_documents__t512_o128__c0001]",1.0,1,0,1,1.0,1.0,1.0,1,1,1387,58,,
DHHPQA-TEST-A5-016,TEST,A5,HARD,ANSWER_WITH_CURRENTNESS,GPT_5_6_TERRA_BATCH,"Ngày 21/6/2026, thí sinh có thể đăng ký mới quy đổi chứng chỉ ngoại ngữ không?",Không. Hệ thống đã khóa chức năng đăng ký từ ngày 21/6/2026.,Không. Đăng ký quy đổi chứng chỉ ngoại ngữ đã kết thúc ngày 20/6/2026; từ 21/6/2026 hệ thống đã khóa chức năng đăng ký. [06_certificate_status__t512_o128__c0001],1.0,1,0,1,1.0,1.0,1.0,1,1,1385,59,,
DHHPQA-TEST-A5-017,TEST,A5,HARD,ANSWER_WITH_CURRENTNESS,GPT_5_6_TERRA_BATCH,Nếu ngưỡng đầu vào trong tài liệu tháng 5 khác thông báo ngày 10/7/2026 thì ưu tiên nguồn nào?,Ưu tiên thông báo ngày 10/7/2026 vì đây là nguồn chính thức mới hơn cho ngưỡng đầu vào.,Ưu tiên **Thông báo ngày 10/7/2026** đối với ngưỡng đầu vào; đây là nguồn được quy định dùng cho ngưỡng đầu vào và quy đổi tương đương. [00_source_policy__t512_o128__c0001],1.0,1,0,1,1.0,1.0,1.0,0,,2916,61,,
DHHPQA-TEST-A5-018,TEST,A5,HARD,ANSWER_WITH_CURRENTNESS,GPT_5_6_TERRA_BATCH,"Ngày 13/7/2026, đăng ký PT1 và PT2 còn trong thời hạn không?",Có. Cả PT1 và PT2 đều kết thúc lúc 17h00 ngày 14/7/2026.,"Có. Ngày 13/7/2026, cả PT1 và PT2 đều còn hạn đăng ký, đến 17h00 ngày 14/7/2026. [04_registration_deadlines_documents__t512_o128__c0001]",1.0,1,0,1,1.0,1.0,1.0,1,1,1338,58,,
DHHPQA-TEST-A5-019,TEST,A5,HARD,ANSWER_WITH_CURRENTNESS,GPT_5_6_TERRA_BATCH,"Ngày 15/7/2026, đăng ký PT1 theo thời hạn trong corpus còn hiệu lực không?",Không. Thời hạn đã kết thúc lúc 17h00 ngày 14/7/2026.,"Không. Ngày 15/7/2026, thời hạn đăng ký PT1 đã hết lúc 17h00 ngày 14/7/2026. [04_registration_deadlines_documents__t512_o128__c0001]",1.0,1,0,1,1.0,1.0,1.0,1,1,1339,54,,
DHHPQA-TEST-A5-020,TEST,A5,HARD,ANSWER_WITH_CURRENTNESS,GPT_5_6_TERRA_BATCH,"Khi nguồn hiện hành chỉ công bố chỉ tiêu nhóm, chatbot có được dùng phân bổ chuyên ngành trong bảng cũ không?",Không. Không được dùng phân bổ cũ để trả lời chỉ tiêu hiện hành của chuyên ngành.,"Không. Khi nguồn hiện hành chỉ công bố chỉ tiêu theo nhóm/ngành, chatbot không được dùng hoặc suy ra phân bổ chuyên ngành từ bảng cũ; phải nêu rõ chưa có chỉ tiêu riêng được công bố. [00_source_policy__t512_o128__c0001] [08_refusal_temporal_rules__t512_o128__c0001]",0.5,0,0,2,0.5,1.0,1.0,1,1,3851,80,,
DHHPQA-TEST-A6-001,TEST,A6,MEDIUM,ANSWER,GPT_5_6_TERRA_BATCH,Thí sinh đăng ký PT2 tại địa chỉ hệ thống nào?,Đăng ký tại https://dkxt.dhhp.edu.vn.,PT2 đăng ký trên hệ thống tuyển sinh của Trường: https://dkxt.dhhp.edu.vn. [04_registration_deadlines_documents__t512_o128__c0001][01_contacts_scope__t512_o128__c0001],1.0,1,0,2,0.5,1.0,1.0,0,,1382,56,,
DHHPQA-TEST-A6-002,TEST,A6,MEDIUM,ANSWER,GPT_5_6_TERRA_BATCH,Minh chứng xét tuyển được tải lên hệ thống nào?,Tải minh chứng lên https://dkxt.dhhp.edu.vn.,Minh chứng xét tuyển được tải lên hệ thống đăng ký xét tuyển của Trường: https://dkxt.dhhp.edu.vn. [04_registration_deadlines_documents__t512_o128__c0001],1.0,1,0,1,1.0,1.0,1.0,0,,1380,48,,
DHHPQA-TEST-A6-003,TEST,A6,MEDIUM,ANSWER,GPT_5_6_TERRA_BATCH,Tên tệp minh chứng phải theo cấu trúc nào?,Tên tệp theo cấu trúc ĐHHP_SốCCCD_TênMinhChứng.,Tên tệp minh chứng theo cấu trúc: **ĐHHP_SốCCCD_TênMinhChứng**. [04_registration_deadlines_documents__t512_o128__c0001],1.0,1,0,1,1.0,1.0,1.0,0,,2100,46,,
DHHPQA-TEST-A6-004,TEST,A6,MEDIUM,ANSWER,GPT_5_6_TERRA_BATCH,Đăng ký PT1 bắt đầu từ ngày nào?,Đăng ký PT1 bắt đầu từ ngày 02/7/2026.,PT1 bắt đầu đăng ký từ ngày 02/7/2026 trên hệ thống của Bộ GD&ĐT; hạn đến 17h00 ngày 14/7/2026. [04_registration_deadlines_documents__t512_o128__c0001],1.0,1,0,1,1.0,1.0,1.0,0,,1183,60,,
DHHPQA-TEST-A6-005,TEST,A6,MEDIUM,ANSWER,GPT_5_6_TERRA_BATCH,Đăng ký PT2 trên hệ thống Trường bắt đầu từ ngày nào?,Đăng ký PT2 bắt đầu từ ngày 25/5/2026.,PT2 trên hệ thống tuyển sinh của Trường bắt đầu từ **25/5/2026** (đến 17h00 ngày 14/7/2026). [04_registration_deadlines_documents__t512_o128__c0001],1.0,1,0,1,1.0,1.0,1.0,0,,1332,57,,
DHHPQA-TEST-A6-006,TEST,A6,MEDIUM,ANSWER,GPT_5_6_TERRA_BATCH,Hồ sơ PT4 được nhận đến ngày nào?,Hồ sơ PT4 được nhận đến ngày 20/6/2026.,Hồ sơ PT4 được nhận từ 25/5/2026 đến hết ngày 20/6/2026; hiện đã hết hạn. [04_registration_deadlines_documents__t512_o128__c0001][08_refusal_temporal_rules__t512_o128__c0001],1.0,1,0,2,0.5,1.0,1.0,0,,1370,67,,
DHHPQA-TEST-A6-007,TEST,A6,MEDIUM,ANSWER,GPT_5_6_TERRA_BATCH,Hồ sơ PT5 được nhận từ ngày nào?,Hồ sơ PT5 được nhận từ ngày 25/5/2026.,Hồ sơ PT5 được nhận từ ngày **25/5/2026** đến **20/6/2026**; thời hạn này đã kết thúc. [04_registration_deadlines_documents__t512_o128__c0001][08_refusal_temporal_rules__t512_o128__c0001],1.0,1,0,2,0.5,1.0,1.0,0,,2216,70,,
DHHPQA-TEST-A6-008,TEST,A6,MEDIUM,ANSWER,GPT_5_6_TERRA_BATCH,Lệ phí thi hai môn năng khiếu là bao nhiêu?,Lệ phí là 600.000 đồng vì mỗi môn 300.000 đồng.,Lệ phí thi 2 môn năng khiếu là **600.000 đồng** (300.000 đồng/môn/thí sinh). [04_registration_deadlines_documents__t512_o128__c0001],1.0,1,0,1,1.0,1.0,1.0,0,,1780,48,,
DHHPQA-TEST-A6-009,TEST,A6,MEDIUM,ANSWER,GPT_5_6_TERRA_BATCH,Nộp ba hồ sơ thuộc mục 6.4 thì tổng lệ phí là bao nhiêu?,Tổng lệ phí là 300.000 đồng.,Ba hồ sơ × 100.000 đồng/hồ sơ = **300.000 đồng**. [04_registration_deadlines_documents__t512_o128__c0001],1.0,1,0,1,1.0,1.0,1.0,0,,1371,40,,
DHHPQA-TEST-A6-010,TEST,A6,MEDIUM,ANSWER,GPT_5_6_TERRA_BATCH,Kênh email nào dùng để hỏi về tuyển sinh?,Email tuyển sinh là tuyensinh@dhhp.edu.vn.,Email tư vấn tuyển sinh: **tuyensinh@dhhp.edu.vn**. [01_contacts_scope__t512_o128__c0001],1.0,1,0,1,1.0,1.0,1.0,0,,1328,36,,
DHHPQA-TEST-A6-011,TEST,A6,MEDIUM,ANSWER,GPT_5_6_TERRA_BATCH,Số hotline tuyển sinh là gì?,Hotline tuyển sinh là 0398.171.171.,Hotline tư vấn tuyển sinh: **0398.171.171**. [01_contacts_scope__t512_o128__c0001],1.0,1,0,1,1.0,1.0,1.0,0,,1324,34,,
DHHPQA-TEST-A6-012,TEST,A6,MEDIUM,ANSWER,GPT_5_6_TERRA_BATCH,Cổng thông tin tuyển sinh chính thức là địa chỉ nào?,Cổng tuyển sinh là https://tuyensinh.dhhp.edu.vn/.,Cổng thông tin tuyển sinh chính thức: https://tuyensinh.dhhp.edu.vn/. [01_contacts_scope__t512_o128__c0001],1.0,1,0,1,1.0,1.0,1.0,0,,1270,39,,
DHHPQA-TEST-A6-013,TEST,A6,MEDIUM,ANSWER,GPT_5_6_TERRA_BATCH,Thí sinh cần làm gì nếu nguồn chưa công bố thông tin được hỏi?,Không suy đoán; phải nêu rằng nguồn chính thức chưa công bố và cung cấp kênh liên hệ.,"Nếu nguồn chính thức hiện có chưa công bố thông tin, thí sinh nên liên hệ Hotline 0398.171.171 hoặc email tuyensinh@dhhp.edu.vn để được xác nhận. [08_refusal_temporal_rules__t512_o128__c0001] [01_contacts_scope__t512_o128__c0001]",0.5,0,0,2,0.5,1.0,1.0,0,,1454,76,,
DHHPQA-TEST-A6-014,TEST,A6,MEDIUM,ANSWER,GPT_5_6_TERRA_BATCH,PT3.1 sử dụng loại kết quả thi nào cùng chứng chỉ ngoại ngữ?,Xét tuyển kết hợp chứng chỉ ngoại ngữ và kết quả thi tốt nghiệp THPT năm 2026,PT3.1 kết hợp chứng chỉ ngoại ngữ với **kết quả thi tốt nghiệp THPT năm 2026**. [02_methods_restrictions__t512_o128__c0001],1.0,1,0,1,1.0,1.0,1.0,0,,1809,47,,
DHHPQA-TEST-A6-015,TEST,A6,MEDIUM,ANSWER,GPT_5_6_TERRA_BATCH,PT3.2 sử dụng dữ liệu học tập trong giai đoạn nào?,"Xét tuyển kết hợp chứng chỉ ngoại ngữ với điểm trung bình chung kết quả học tập cả năm lớp 10, 11, 12","PT3.2 kết hợp chứng chỉ ngoại ngữ với kết quả học tập **cả năm lớp 10, lớp 11 và lớp 12**. [02_methods_restrictions__t512_o128__c0001]",1.0,1,0,1,1.0,1.0,1.0,0,,3809,53,,
DHHPQA-TEST-A6-016,TEST,A6,MEDIUM,ANSWER,GPT_5_6_TERRA_BATCH,PT4 chấp nhận những kỳ thi nào?,"PT4 sử dụng HSA, TSA hoặc SPT năm 2026.","PT4 chấp nhận kết quả các kỳ thi **HSA, TSA hoặc SPT năm 2026**. Điểm PT4 sẽ được quy đổi về thang điểm PT1. [02_methods_restrictions__t512_o128__c0001] [05_thresholds_equivalence__t512_o128__c0001]

Lưu ý: các ngành đào tạo giáo viên, Ngôn ngữ Anh, Ngôn ngữ Trung Quốc và Nhật Bản học không xét PT4. [02_methods_restrictions__t512_o128__c0001]",1.0,1,0,3,0.6666666666666666,1.0,1.0,0,,3063,124,,
DHHPQA-TEST-A6-017,TEST,A6,MEDIUM,ANSWER,GPT_5_6_TERRA_BATCH,Thời gian đăng ký thi năng khiếu bắt đầu ngày nào?,Bắt đầu ngày 02/4/2026.,"Đăng ký thi năng khiếu bắt đầu từ **02/4/2026**; hạn cuối là **30/5/2026**, hiện đã hết hạn. [04_registration_deadlines_documents__t512_o128__c0001]",1.0,1,0,1,1.0,1.0,1.0,0,,2162,55,,
DHHPQA-TEST-A6-018,TEST,A6,MEDIUM,ANSWER,GPT_5_6_TERRA_BATCH,Một hồ sơ thuộc mục 6.4 có lệ phí bao nhiêu?,100.000 đồng cho một hồ sơ.,Lệ phí hồ sơ thuộc mục 6.4 là **100.000 đồng/hồ sơ**. [04_registration_deadlines_documents__t512_o128__c0001],1.0,1,0,1,1.0,1.0,1.0,0,,1366,42,,
DHHPQA-TEST-A6-019,TEST,A6,MEDIUM,ANSWER,GPT_5_6_TERRA_BATCH,Kết quả quy đổi chứng chỉ có dùng cho kỳ tuyển sinh khác năm 2026 không?,Không. Kết quả chỉ có giá trị trong kỳ tuyển sinh đại học chính quy năm 2026 của Trường.,Không. Kết quả quy đổi chứng chỉ chỉ có giá trị cho kỳ tuyển sinh đại học chính quy năm 2026 và phải được Hội đồng tuyển sinh Trường công nhận. [06_certificate_status__t512_o128__c0001],1.0,1,0,1,1.0,1.0,1.0,1,1,1303,55,,
DHHPQA-TEST-A6-020,TEST,A6,MEDIUM,ANSWER,GPT_5_6_TERRA_BATCH,Thí sinh nên liên hệ kênh nào khi cần xác nhận thông tin chưa được công bố?,Liên hệ hotline 0398.171.171 hoặc email tuyensinh@dhhp.edu.vn.,"Khi thông tin chưa được công bố, thí sinh liên hệ Hotline 0398.171.171 hoặc email tuyensinh@dhhp.edu.vn để xác nhận. [08_refusal_temporal_rules__t512_o128__c0001] [01_contacts_scope__t512_o128__c0001]",1.0,1,0,2,0.5,1.0,1.0,0,,1459,71,,
DHHPQA-TEST-A7-001,TEST,A7,MEDIUM,ANSWER,GPT_5_6_TERRA_BATCH,IELTS 5.0 tương ứng bao nhiêu điểm quy đổi?,"IELTS 5.0 tương ứng 8,0 điểm.","IELTS 5.0 được quy đổi thành **8,0 điểm**. [06_certificate_status__t512_o128__c0001]",1.0,1,0,1,1.0,1.0,1.0,0,,1230,35,,
DHHPQA-TEST-A7-002,TEST,A7,MEDIUM,ANSWER,GPT_5_6_TERRA_BATCH,IELTS 5.5 tương ứng bao nhiêu điểm quy đổi?,"IELTS 5.5 tương ứng 8,5 điểm.","IELTS 5.5 được quy đổi thành **8,5 điểm**. [06_certificate_status__t512_o128__c0001]",1.0,1,0,1,1.0,1.0,1.0,0,,1315,35,,
DHHPQA-TEST-A7-003,TEST,A7,MEDIUM,ANSWER,GPT_5_6_TERRA_BATCH,IELTS 6.0 tương ứng bao nhiêu điểm quy đổi?,"IELTS 6.0 tương ứng 9,0 điểm.","IELTS 6.0 được quy đổi thành **9,0 điểm**. [06_certificate_status__t512_o128__c0001]",1.0,1,0,1,1.0,1.0,1.0,0,,1315,35,,
DHHPQA-TEST-A7-004,TEST,A7,MEDIUM,ANSWER,GPT_5_6_TERRA_BATCH,IELTS 6.5 tương ứng bao nhiêu điểm quy đổi?,"IELTS 6.5 tương ứng 9,5 điểm.","IELTS 6.5 được quy đổi thành **9,5 điểm**. [06_certificate_status__t512_o128__c0001]",1.0,1,0,1,1.0,1.0,1.0,0,,1267,35,,
DHHPQA-TEST-A7-005,TEST,A7,MEDIUM,ANSWER,GPT_5_6_TERRA_BATCH,IELTS 7.5 tương ứng bao nhiêu điểm quy đổi?,"IELTS 7.5 tương ứng 10,0 điểm.","IELTS 7.5 được quy đổi thành **10,0 điểm** (mức IELTS từ 7.0 đến 9.0). [06_certificate_status__t512_o128__c0001]",1.0,1,0,1,1.0,1.0,1.0,0,,1230,49,,
DHHPQA-TEST-A7-006,TEST,A7,MEDIUM,ANSWER,GPT_5_6_TERRA_BATCH,Chỉ tiêu Logistics và vận tải đa phương thức (CLC) thay đổi từ 50 xuống 50. Chênh lệch là bao nhiêu?,Chênh lệch là 0 chỉ tiêu.,Chênh lệch là **0 chỉ tiêu** (50 − 50 = 0). Mã Logistics và vận tải đa phương thức CLC hiện có chỉ tiêu dự kiến 50. [03_programs_current_2026__t512_o128__c0001],1.0,1,0,1,0.0,0.0,1.0,0,,4889,62,,
DHHPQA-TEST-A7-007,TEST,A7,MEDIUM,ANSWER,GPT_5_6_TERRA_BATCH,Chỉ tiêu Kinh doanh số và đổi mới sáng tạo (CLC) thay đổi từ 50 xuống 50. Chênh lệch là bao nhiêu?,Chênh lệch là 0 chỉ tiêu.,"Chỉ tiêu giữ nguyên 50 xuống 50, nên chênh lệch là **0 chỉ tiêu**. [03_programs_current_2026__t512_o128__c0001]",1.0,1,0,1,0.0,0.0,1.0,0,,4890,46,,
DHHPQA-TEST-A7-008,TEST,A7,MEDIUM,ANSWER,GPT_5_6_TERRA_BATCH,Chỉ tiêu Quản trị kinh doanh quốc tế (CLC) thay đổi từ 50 xuống 50. Chênh lệch là bao nhiêu?,Chênh lệch là 0 chỉ tiêu.,Chênh lệch là **0 chỉ tiêu** (50 − 50 = 0). Chỉ tiêu hiện hành của mã 734010121 là 50. [03_programs_current_2026__t512_o128__c0001],1.0,1,0,1,0.0,0.0,1.0,0,,4888,57,,
DHHPQA-TEST-A7-009,TEST,A7,MEDIUM,ANSWER,GPT_5_6_TERRA_BATCH,Chỉ tiêu Kế toán doanh nghiệp theo định hướng ACCA (CLC) thay đổi từ 50 xuống 50. Chênh lệch là bao nhiêu?,Chênh lệch là 0 chỉ tiêu.,Chênh lệch là **0 chỉ tiêu** (50 − 50 = 0). Chỉ tiêu hiện hành của mã 734030120 là 50. [03_programs_current_2026__t512_o128__c0001],1.0,1,0,1,0.0,0.0,0.0,0,,4997,57,,
DHHPQA-TEST-A7-010,TEST,A7,MEDIUM,ANSWER,GPT_5_6_TERRA_BATCH,Chỉ tiêu Thiết kế game và Multimedia (CLC) thay đổi từ 50 xuống 50. Chênh lệch là bao nhiêu?,Chênh lệch là 0 chỉ tiêu.,"Chỉ tiêu không thay đổi: 50 xuống 50, chênh lệch **0 chỉ tiêu**. Ngành này hiện công bố chỉ tiêu dự kiến 50. [03_programs_current_2026__t512_o128__c0001]",1.0,1,0,1,0.0,0.0,1.0,0,,4858,59,,
DHHPQA-TEST-A7-011,TEST,A7,MEDIUM,ANSWER,GPT_5_6_TERRA_BATCH,"Chỉ tiêu Công nghệ điện tử, vi mạch và bán dẫn (CLC) thay đổi từ 50 xuống 50. Chênh lệch là bao nhiêu?",Chênh lệch là 0 chỉ tiêu.,Chênh lệch là **0 chỉ tiêu** (50 xuống 50 không thay đổi). [03_programs_current_2026__t512_o128__c0001],1.0,1,0,1,0.0,0.0,1.0,0,,4080,42,,
DHHPQA-TEST-A7-012,TEST,A7,MEDIUM,ANSWER,GPT_5_6_TERRA_BATCH,Chỉ tiêu Luật thay đổi từ 70 xuống 70. Chênh lệch là bao nhiêu?,Chênh lệch là 0 chỉ tiêu.,Chênh lệch là **0 chỉ tiêu** (70 − 70 = 0). Chỉ tiêu Luật hiện là 70. [03_programs_current_2026__t512_o128__c0002],1.0,1,0,1,0.0,0.0,1.0,0,,4001,52,,
DHHPQA-TEST-A7-013,TEST,A7,MEDIUM,ANSWER,GPT_5_6_TERRA_BATCH,"Thí sinh CLC đạt 26,50 điểm PT1 được giảm bao nhiêu phần trăm học phí năm thứ nhất?",Được học bổng 50% học phí năm thứ nhất.,"Thí sinh CLC có điểm PT1 26,50 thuộc mức từ 25,00 đến dưới 27,00, được học bổng giảm **50% học phí năm thứ nhất**. [07_scholarships_tuition__t512_o128__c0001]",1.0,1,0,1,1.0,1.0,1.0,0,,2453,64,,
DHHPQA-TEST-A7-014,TEST,A7,MEDIUM,ANSWER,GPT_5_6_TERRA_BATCH,"Thí sinh CLC đạt 27,50 điểm PT1 được giảm bao nhiêu phần trăm học phí năm thứ nhất?",Được học bổng 100% học phí năm thứ nhất.,"Thí sinh chương trình CLC có 27,50 điểm PT1 được học bổng giảm **100% học phí năm thứ nhất**. [07_scholarships_tuition__t512_o128__c0001]",1.0,1,0,1,1.0,1.0,1.0,0,,3318,52,,
DHHPQA-TEST-A7-015,TEST,A7,MEDIUM,ANSWER,GPT_5_6_TERRA_BATCH,Thi ba môn năng khiếu thì tổng lệ phí là bao nhiêu?,Tổng lệ phí là 900.000 đồng.,"Thi 3 môn năng khiếu, lệ phí là **900.000 đồng** (300.000 đồng/môn/thí sinh). [04_registration_deadlines_documents__t512_o128__c0001]",1.0,1,0,1,1.0,1.0,1.0,0,,2044,48,,
DHHPQA-TEST-A7-016,TEST,A7,MEDIUM,ANSWER,GPT_5_6_TERRA_BATCH,Nộp hai hồ sơ thuộc mục 6.4 thì tổng lệ phí là bao nhiêu?,Tổng lệ phí là 200.000 đồng.,Hai hồ sơ thuộc mục 6.4 có lệ phí tổng cộng **200.000 đồng** (100.000 đồng/hồ sơ × 2). [04_registration_deadlines_documents__t512_o128__c0001],1.0,1,0,1,1.0,1.0,1.0,0,,2361,52,,
DHHPQA-TEST-U1-001,TEST,U1,MEDIUM,REFUSE_EVIDENCE_BOUNDED,GPT_5_6_TERRA_BATCH,Chỉ tiêu hiện hành chính xác của riêng Quản trị kinh doanh là bao nhiêu?,Nguồn hiện hành chưa công bố chỉ tiêu riêng của Quản trị kinh doanh; chỉ công bố tổng 100 chỉ tiêu cho nhóm.,"Chưa có chỉ tiêu riêng chính xác cho mã 734010101 – Quản trị kinh doanh. Nguồn hiện hành chỉ công bố tổng chỉ tiêu nhóm/ngành Quản trị kinh doanh là **100**, không được suy ra phần của riêng mã này. [03_programs_current_2026__t512_o128__c0002][00_source_policy__t512_o128__c0001]",0.5,0,0,2,1.0,1.0,1.0,0,,3996,89,,
DHHPQA-TEST-U1-002,TEST,U1,MEDIUM,REFUSE_EVIDENCE_BOUNDED,GPT_5_6_TERRA_BATCH,Chỉ tiêu hiện hành chính xác của riêng Quản trị tài chính kế toán là bao nhiêu?,Nguồn hiện hành chưa công bố chỉ tiêu riêng của Quản trị tài chính kế toán; chỉ công bố tổng 100 chỉ tiêu cho nhóm.,"Chưa có chỉ tiêu riêng được công bố cho **Quản trị tài chính kế toán** (mã 734010102). Nguồn hiện hành chỉ nêu tổng chỉ tiêu nhóm/ngành Quản trị kinh doanh là **100**, không thể suy ra phân bổ cho từng chương trình. [03_programs_current_2026__t512_o128__c0002] [00_source_policy__t512_o128__c0001]",0.5,0,0,2,1.0,1.0,1.0,0,,3998,97,,
DHHPQA-TEST-U1-003,TEST,U1,MEDIUM,REFUSE_EVIDENCE_BOUNDED,GPT_5_6_TERRA_BATCH,Chỉ tiêu hiện hành chính xác của riêng Marketing số là bao nhiêu?,Nguồn hiện hành chưa công bố chỉ tiêu riêng của Marketing số; chỉ công bố tổng 200 chỉ tiêu cho nhóm.,"Chưa có chỉ tiêu riêng chính xác cho Marketing số (mã 734011501). Nguồn hiện hành chỉ công bố tổng chỉ tiêu nhóm/ngành Marketing là 200, không phân bổ theo từng chương trình. [03_programs_current_2026__t512_o128__c0002]",0.5,0,0,1,1.0,0.5,1.0,0,,3993,68,,
DHHPQA-TEST-U1-004,TEST,U1,MEDIUM,REFUSE_EVIDENCE_BOUNDED,GPT_5_6_TERRA_BATCH,Chỉ tiêu hiện hành chính xác của riêng Marketing là bao nhiêu?,Nguồn hiện hành chưa công bố chỉ tiêu riêng của Marketing; chỉ công bố tổng 200 chỉ tiêu cho nhóm.,"Chưa có chỉ tiêu riêng chính xác cho ngành **Marketing** (mã 734011502). Nguồn hiện hành chỉ công bố **tổng chỉ tiêu nhóm/ngành Marketing là 200**, không phân bổ theo từng chuyên ngành; vì vậy không thể suy ra chỉ tiêu riêng của Marketing. [03_programs_current_2026__t512_o128__c0002] [00_source_policy__t512_o128__c0001]",0.5,0,0,2,1.0,1.0,1.0,0,,3992,98,,
DHHPQA-TEST-U1-005,TEST,U1,MEDIUM,REFUSE_EVIDENCE_BOUNDED,GPT_5_6_TERRA_BATCH,Chỉ tiêu hiện hành chính xác của riêng Truyền thông marketing là bao nhiêu?,Nguồn hiện hành chưa công bố chỉ tiêu riêng của Truyền thông marketing; chỉ công bố tổng 200 chỉ tiêu cho nhóm.,"Chưa có chỉ tiêu riêng được công bố cho Truyền thông marketing (mã 734011503). Chỉ tiêu hiện hành công bố theo nhóm/ngành Marketing là **200**, không thể suy ra phần dành riêng cho chuyên ngành này. [03_programs_current_2026__t512_o128__c0002]",0.5,0,0,1,1.0,0.5,1.0,0,,3996,73,,
DHHPQA-TEST-U1-006,TEST,U1,MEDIUM,REFUSE_EVIDENCE_BOUNDED,GPT_5_6_TERRA_BATCH,Chỉ tiêu hiện hành chính xác của riêng Tài chính doanh nghiệp là bao nhiêu?,Nguồn hiện hành chưa công bố chỉ tiêu riêng của Tài chính doanh nghiệp; chỉ công bố tổng 125 chỉ tiêu cho nhóm.,"Chưa có chỉ tiêu hiện hành công bố riêng cho **Tài chính doanh nghiệp (734020102)**. Nguồn chỉ công bố tổng chỉ tiêu nhóm/ngành **Tài chính – Ngân hàng là 125**, không được suy ra chỉ tiêu của riêng chuyên ngành này. [03_programs_current_2026__t512_o128__c0003] [00_source_policy__t512_o128__c0001]",0.5,0,0,2,1.0,1.0,1.0,0,,3996,95,,
DHHPQA-TEST-U1-007,TEST,U1,MEDIUM,REFUSE_EVIDENCE_BOUNDED,C6_LOCAL,Học phí chính xác một năm của Marketing số năm 2026 là bao nhiêu?,"Corpus chưa công bố mức học phí cụ thể theo từng ngành, nên chưa thể cung cấp con số chính xác.","Corpus chưa công bố mức học phí cụ thể theo từng ngành, nên chưa thể cung cấp con số chính xác. Vui lòng kiểm tra thông báo học phí mới nhất hoặc liên hệ hotline 0398.171.171. [DHHP-2026-TUITION] [DHHP-2026-SCOPE]",1.0,1,0,2,0.5,1.0,,0,,0,0,,
DHHPQA-TEST-U1-008,TEST,U1,MEDIUM,REFUSE_EVIDENCE_BOUNDED,C6_LOCAL,Học phí chính xác một năm của Kế toán doanh nghiệp năm 2026 là bao nhiêu?,"Corpus chưa công bố mức học phí cụ thể theo từng ngành, nên chưa thể cung cấp con số chính xác.","Corpus chưa công bố mức học phí cụ thể theo từng ngành, nên chưa thể cung cấp con số chính xác. Vui lòng kiểm tra thông báo học phí mới nhất hoặc liên hệ hotline 0398.171.171. [DHHP-2026-TUITION] [DHHP-2026-SCOPE]",1.0,1,0,2,0.5,1.0,,0,,0,0,,
DHHPQA-TEST-U1-009,TEST,U1,MEDIUM,REFUSE_EVIDENCE_BOUNDED,C6_LOCAL,Học phí chính xác một năm của Công nghệ chế tạo máy năm 2026 là bao nhiêu?,"Corpus chưa công bố mức học phí cụ thể theo từng ngành, nên chưa thể cung cấp con số chính xác.","Corpus chưa công bố mức học phí cụ thể theo từng ngành, nên chưa thể cung cấp con số chính xác. Vui lòng kiểm tra thông báo học phí mới nhất hoặc liên hệ hotline 0398.171.171. [DHHP-2026-TUITION] [DHHP-2026-SCOPE]",1.0,1,0,2,0.5,1.0,,0,,0,0,,
DHHPQA-TEST-U1-010,TEST,U1,MEDIUM,REFUSE_EVIDENCE_BOUNDED,C6_LOCAL,Tỉ lệ chọi của Marketing năm 2026 là bao nhiêu?,Nguồn chính thức trong corpus chưa công bố tỉ lệ chọi hoặc số nguyện vọng theo ngành.,"Nguồn chính thức trong corpus chưa công bố tỉ lệ chọi hoặc số nguyện vọng theo ngành, nên không có căn cứ đưa ra con số. [DHHP-2026-TEMPORAL]",1.0,1,0,1,1.0,1.0,,0,,0,0,,
DHHPQA-TEST-U1-011,TEST,U1,MEDIUM,REFUSE_EVIDENCE_BOUNDED,C6_LOCAL,Tỉ lệ chọi của Ngôn ngữ Trung Quốc năm 2026 là bao nhiêu?,Nguồn chính thức trong corpus chưa công bố tỉ lệ chọi hoặc số nguyện vọng theo ngành.,"Nguồn chính thức trong corpus chưa công bố tỉ lệ chọi hoặc số nguyện vọng theo ngành, nên không có căn cứ đưa ra con số. [DHHP-2026-TEMPORAL]",1.0,1,0,1,1.0,1.0,,0,,0,0,,
DHHPQA-TEST-U1-012,TEST,U1,MEDIUM,REFUSE_EVIDENCE_BOUNDED,C6_LOCAL,Tỉ lệ chọi của Công nghệ kỹ thuật cơ điện tử năm 2026 là bao nhiêu?,Nguồn chính thức trong corpus chưa công bố tỉ lệ chọi hoặc số nguyện vọng theo ngành.,"Nguồn chính thức trong corpus chưa công bố tỉ lệ chọi hoặc số nguyện vọng theo ngành, nên không có căn cứ đưa ra con số. [DHHP-2026-TEMPORAL]",1.0,1,0,1,1.0,1.0,,0,,0,0,,
DHHPQA-TEST-U2-001,TEST,U2,MEDIUM,REFUSE_PREDICTION,C6_LOCAL,Hãy dự đoán điểm chuẩn Quản trị tài chính kế toán năm 2026.,Không thể dự đoán điểm chuẩn khi chưa có kết quả xét tuyển chính thức.,Không thể dự đoán điểm chuẩn khi chưa có kết quả xét tuyển chính thức. Ngưỡng đầu vào không phải điểm trúng tuyển cuối cùng. [DHHP-2026-TEMPORAL],1.0,1,0,1,1.0,1.0,,1,1,0,0,,
DHHPQA-TEST-U2-002,TEST,U2,MEDIUM,REFUSE_PREDICTION,C6_LOCAL,"Em cao hơn ngưỡng Marketing số 2 điểm, em có chắc chắn trúng tuyển không?",Không thể khẳng định chắc chắn trúng tuyển trước khi có điểm trúng tuyển và kết quả xét tuyển chính thức.,Không thể khẳng định chắc chắn trúng tuyển trước khi có điểm trúng tuyển và kết quả xét tuyển chính thức. [DHHP-2026-TEMPORAL],1.0,1,0,1,1.0,1.0,,1,1,0,0,,
DHHPQA-TEST-U2-003,TEST,U2,MEDIUM,REFUSE_PREDICTION,C6_LOCAL,Cuối đợt sẽ có bao nhiêu hồ sơ đăng ký Marketing?,Nguồn hiện có không cho phép dự đoán số hồ sơ đăng ký trong tương lai.,Nguồn hiện có không cho phép dự đoán số hồ sơ đăng ký trong tương lai. Chỉ có thể trả lời khi Nhà trường công bố số liệu chính thức. [DHHP-2026-TEMPORAL],1.0,1,0,1,1.0,1.0,,0,,0,0,,
DHHPQA-TEST-U2-004,TEST,U2,MEDIUM,REFUSE_PREDICTION,C6_LOCAL,Hãy dự đoán điểm chuẩn Truyền thông marketing năm 2026.,Không thể dự đoán điểm chuẩn khi chưa có kết quả xét tuyển chính thức.,Không thể dự đoán điểm chuẩn khi chưa có kết quả xét tuyển chính thức. Ngưỡng đầu vào không phải điểm trúng tuyển cuối cùng. [DHHP-2026-TEMPORAL],1.0,1,0,1,1.0,1.0,,1,1,0,0,,
DHHPQA-TEST-U2-005,TEST,U2,MEDIUM,REFUSE_PREDICTION,C6_LOCAL,"Em cao hơn ngưỡng Thương mại điện tử 2 điểm, em có chắc chắn trúng tuyển không?",Không thể khẳng định chắc chắn trúng tuyển trước khi có điểm trúng tuyển và kết quả xét tuyển chính thức.,Không thể khẳng định chắc chắn trúng tuyển trước khi có điểm trúng tuyển và kết quả xét tuyển chính thức. [DHHP-2026-TEMPORAL],1.0,1,0,1,1.0,1.0,,1,1,0,0,,
DHHPQA-TEST-U2-006,TEST,U2,MEDIUM,REFUSE_PREDICTION,C6_LOCAL,Cuối đợt sẽ có bao nhiêu hồ sơ đăng ký Tài chính doanh nghiệp?,Nguồn hiện có không cho phép dự đoán số hồ sơ đăng ký trong tương lai.,Nguồn hiện có không cho phép dự đoán số hồ sơ đăng ký trong tương lai. Chỉ có thể trả lời khi Nhà trường công bố số liệu chính thức. [DHHP-2026-TEMPORAL],1.0,1,0,1,1.0,1.0,,0,,0,0,,
DHHPQA-TEST-U2-007,TEST,U2,MEDIUM,REFUSE_PREDICTION,C6_LOCAL,Hãy dự đoán điểm chuẩn Kế toán doanh nghiệp năm 2026.,Không thể dự đoán điểm chuẩn khi chưa có kết quả xét tuyển chính thức.,Không thể dự đoán điểm chuẩn khi chưa có kết quả xét tuyển chính thức. Ngưỡng đầu vào không phải điểm trúng tuyển cuối cùng. [DHHP-2026-TEMPORAL],1.0,1,0,1,1.0,1.0,,1,1,0,0,,
DHHPQA-TEST-U2-008,TEST,U2,MEDIUM,REFUSE_PREDICTION,C6_LOCAL,"Em cao hơn ngưỡng Kế toán - Kiểm toán 2 điểm, em có chắc chắn trúng tuyển không?",Không thể khẳng định chắc chắn trúng tuyển trước khi có điểm trúng tuyển và kết quả xét tuyển chính thức.,Không thể khẳng định chắc chắn trúng tuyển trước khi có điểm trúng tuyển và kết quả xét tuyển chính thức. [DHHP-2026-TEMPORAL],1.0,1,0,1,1.0,1.0,,1,1,0,0,,
DHHPQA-TEST-U2-009,TEST,U2,MEDIUM,REFUSE_PREDICTION,C6_LOCAL,Cuối đợt sẽ có bao nhiêu hồ sơ đăng ký Ngôn ngữ Anh?,Nguồn hiện có không cho phép dự đoán số hồ sơ đăng ký trong tương lai.,Nguồn hiện có không cho phép dự đoán số hồ sơ đăng ký trong tương lai. Chỉ có thể trả lời khi Nhà trường công bố số liệu chính thức. [DHHP-2026-TEMPORAL],1.0,1,0,1,1.0,1.0,,0,,0,0,,
DHHPQA-TEST-U2-010,TEST,U2,MEDIUM,REFUSE_PREDICTION,C6_LOCAL,Hãy dự đoán điểm chuẩn Ngôn ngữ Trung Quốc năm 2026.,Không thể dự đoán điểm chuẩn khi chưa có kết quả xét tuyển chính thức.,Không thể dự đoán điểm chuẩn khi chưa có kết quả xét tuyển chính thức. Ngưỡng đầu vào không phải điểm trúng tuyển cuối cùng. [DHHP-2026-TEMPORAL],1.0,1,0,1,1.0,1.0,,1,1,0,0,,
DHHPQA-TEST-U2-011,TEST,U2,MEDIUM,REFUSE_PREDICTION,C6_LOCAL,"Em cao hơn ngưỡng Văn học 2 điểm, em có chắc chắn trúng tuyển không?",Không thể khẳng định chắc chắn trúng tuyển trước khi có điểm trúng tuyển và kết quả xét tuyển chính thức.,Không thể khẳng định chắc chắn trúng tuyển trước khi có điểm trúng tuyển và kết quả xét tuyển chính thức. [DHHP-2026-TEMPORAL],1.0,1,0,1,1.0,1.0,,1,1,0,0,,
DHHPQA-TEST-U2-012,TEST,U2,MEDIUM,REFUSE_PREDICTION,C6_LOCAL,Cuối đợt sẽ có bao nhiêu hồ sơ đăng ký Kinh tế ngoại thương?,Nguồn hiện có không cho phép dự đoán số hồ sơ đăng ký trong tương lai.,Nguồn hiện có không cho phép dự đoán số hồ sơ đăng ký trong tương lai. Chỉ có thể trả lời khi Nhà trường công bố số liệu chính thức. [DHHP-2026-TEMPORAL],1.0,1,0,1,1.0,1.0,,0,,0,0,,
DHHPQA-TEST-U3-001,TEST,U3,MEDIUM,CLARIFY,C6_LOCAL,Em có đủ điều kiện vào ngành này không?,"Vui lòng cho biết tên hoặc mã ngành, phương thức xét tuyển, tổng điểm và các điều kiện thành phần liên quan.","Chưa thể kết luận. Vui lòng cho biết ngành, phương thức xét tuyển, tổng điểm sau quy đổi và các điểm thành phần hoặc điều kiện cá nhân liên quan. [DHHP-2026-METHODS] [DHHP-2026-PROGRAMS]",1.0,1,0,2,0.5,0.5,,0,,0,0,,
DHHPQA-TEST-U3-002,TEST,U3,MEDIUM,CLARIFY,GPT_5_6_TERRA_BATCH,Điểm của em có xét được không?,"Vui lòng cho biết ngành, phương thức, tổng điểm sau quy đổi và các điểm thành phần liên quan.","Em cho biết mã/ngành, phương thức xét (PT1–PT5), tổ hợp và điểm của em (kèm điểm Toán/Văn nếu xét Luật) để mình đối chiếu ngưỡng. PT2–PT4 cần quy đổi về PT1 trước khi xét. [05_thresholds_equivalence__t512_o128__c0001]",0.0,0,0,1,0.0,0.0,0.5,0,,3019,80,,
DHHPQA-TEST-U3-003,TEST,U3,MEDIUM,CLARIFY,GPT_5_6_TERRA_BATCH,"Em có chứng chỉ rồi, dùng được không?","Vui lòng cho biết loại chứng chỉ, mức điểm, số kỹ năng, hình thức thi và thời điểm đăng ký/công nhận.","Em cho biết loại chứng chỉ, điểm/số kỹ năng và có thi Home Edition không để xác định.

Trường chỉ xét IELTS, TOEFL iBT, TOEIC đủ 4 kỹ năng, HSK hoặc JLPT; không xét Home Edition. Đăng ký quy đổi đã hết hạn ngày 20/6/2026 và hệ thống đã khóa từ 21/6/2026. [06_certificate_status__t512_o128__c0001]",0.0,0,0,1,0.0,0.0,0.0,0,,2232,100,,
DHHPQA-TEST-U3-004,TEST,U3,MEDIUM,CLARIFY,GPT_5_6_TERRA_BATCH,Em muốn nộp hồ sơ thì làm thế nào?,Vui lòng cho biết ngành và phương thức PT1-PT5 vì hồ sơ và thời hạn khác nhau.,"Em chọn phương thức xét tuyển để nộp hồ sơ:

- **PT1**: đăng ký trên hệ thống của Bộ GD&ĐT từ 02/7 đến 17h00 ngày 14/7/2026. [04_registration_deadlines_documents__t512_o128__c0001]
- **PT2**: đăng ký trên hệ thống Trường từ 25/5 đến 17h00 ngày 14/7/2026. [04_registration_deadlines_documents__t512_o128__c0001]
- **PT3, PT4, PT5**: nhận hồ sơ từ 25/5 đến 20/6/2026. [04_registration_deadlines_documents__t512_o128__c0001]

Tải minh chứng tại https://dkxt.dhhp.edu.vn, đặt tên tệp: `ĐHHP_SốCCCD_TênMinhChứng`. Lệ phí hồ sơ 100.000 đồng/hồ sơ. [04_registration_deadlines_documents__t512_o128__c0001]

Các mốc trên hiện đã hết hạn. Em có thể liên hệ Hotline 0398.171.171 hoặc tuyensinh@dhhp.edu.vn để được hướng dẫn tiếp. [08_refusal_temporal_rules__t512_o128__c0001] [01_contacts_scope__t512_o128__c0001]",0.0,0,0,6,0.16666666666666666,0.5,1.0,0,,1328,295,,
DHHPQA-TEST-U3-005,TEST,U3,MEDIUM,CLARIFY,GPT_5_6_TERRA_BATCH,Em học bạ khá thì có đỗ không?,"Vui lòng cho biết ngành, phương thức, điểm lớp 10-12 và các điều kiện liên quan; không thể khẳng định khả năng đỗ chỉ từ mô tả này.","Không thể dự đoán khả năng đỗ chỉ từ nhận xét “học bạ khá”; kết quả còn phụ thuộc ngành, tổ hợp, điểm học bạ lớp 10–12 và số hồ sơ. [08_refusal_temporal_rules__t512_o128__c0001]

Em định xét ngành nào và điểm trung bình tổ hợp 3 năm là bao nhiêu? Lưu ý một số ngành như Ngôn ngữ Anh/Trung, Nhật Bản học và ngành đào tạo giáo viên không xét học bạ (PT2). [02_methods_restrictions__t512_o128__c0001]",0.0,0,0,2,0.5,0.5,1.0,0,,3053,135,,
DHHPQA-TEST-U3-006,TEST,U3,MEDIUM,CLARIFY,GPT_5_6_TERRA_BATCH,Chứng chỉ TOEIC của em có hợp lệ không?,"Vui lòng cung cấp điểm đủ bốn kỹ năng, hình thức thi và thời điểm đăng ký/công nhận.","Cần biết điểm TOEIC từng kỹ năng (Nghe, Đọc, Nói, Viết) và hình thức thi. TOEIC chỉ được xem xét khi đủ 4 kỹ năng, tối thiểu Nghe 275, Đọc 275, Nói 120, Viết 120; không nhận Home Edition. [06_certificate_status__t512_o128__c0001]",0.0,0,0,1,0.0,0.0,0.5,0,,1371,86,,
DHHPQA-TEST-U3-007,TEST,U3,MEDIUM,CLARIFY,GPT_5_6_TERRA_BATCH,Em đăng ký sư phạm được không?,"Vui lòng cho biết ngành sư phạm cụ thể, nơi thường trú, phương thức và điểm xét tuyển.","Em chỉ đăng ký ngành sư phạm nếu **có hộ khẩu thường trú tại Hải Phòng** và đăng ký trước khi Bộ GD&ĐT mở hệ thống đăng ký xét tuyển. [01_contacts_scope__t512_o128__c0001]

Em cho biết em có hộ khẩu thường trú Hải Phòng không và muốn xét ngành sư phạm nào?",0.0,0,0,1,1.0,0.5,1.0,0,,1995,79,,
DHHPQA-TEST-U3-008,TEST,U3,MEDIUM,CLARIFY,GPT_5_6_TERRA_BATCH,Mã ngành đó là gì?,Vui lòng nêu tên chương trình hoặc ngành cần tra cứu.,Bạn đang hỏi mã của ngành/chương trình nào? Vui lòng nêu tên ngành để mình xác định chính xác.,1.0,1,0,0,0.0,0.0,0.0,0,,5669,29,,
DHHPQA-TEST-U3-009,TEST,U3,MEDIUM,CLARIFY,GPT_5_6_TERRA_BATCH,Ngành ấy có bao nhiêu chỉ tiêu?,Vui lòng nêu tên hoặc mã ngành/chương trình để xác định đúng chỉ tiêu nhóm hay chỉ tiêu riêng.,Bạn đang hỏi ngành/mã nào? Vui lòng cho tên ngành hoặc mã xét tuyển để mình tra chỉ tiêu.,1.0,1,0,0,0.0,0.0,0.0,0,,5672,28,,
DHHPQA-TEST-U3-010,TEST,U3,MEDIUM,CLARIFY,GPT_5_6_TERRA_BATCH,Em muốn dùng PT3 thì cần gì?,"Vui lòng xác định PT3.1 hay PT3.2, loại chứng chỉ và ngành dự tuyển.","PT3 gồm 2 hình thức:  
- **PT3.1:** Chứng chỉ ngoại ngữ + điểm thi tốt nghiệp THPT 2026.  
- **PT3.2:** Chứng chỉ ngoại ngữ + kết quả học tập cả năm lớp 10, 11, 12. [02_methods_restrictions__t512_o128__c0001]

Cần có chứng chỉ IELTS, TOEFL iBT, TOEIC đủ 4 kỹ năng, HSK hoặc JLPT theo quy định; không chấp nhận chứng chỉ thi Home Edition. TOEIC tối thiểu: Nghe/Đọc 275, Nói/Viết 120. [06_certificate_status__t512_o128__c0001]

Lưu ý: ngành Sư phạm, Ngôn ngữ Anh, Ngôn ngữ Trung Quốc và Nhật Bản học **không xét PT3.2**. [02_methods_restrictions__t512_o128__c0001]

Hồ sơ PT3 nhận từ 25/5 đến 20/6/2026; đăng ký quy đổi chứng chỉ đã đóng từ 20/6 và hệ thống khóa ngày 21/6/2026. [04_registration_deadlines_documents__t512_o128__c0001] [06_certificate_status__t512_o128__c0001]",0.0,0,0,5,0.4,0.5,0.5,0,,2196,287,,
DHHPQA-TEST-U3-011,TEST,U3,MEDIUM,CLARIFY,GPT_5_6_TERRA_BATCH,Em có được học bổng không?,"Vui lòng cho biết chương trình, phương thức trúng tuyển, điểm PT1 và chính sách muốn kiểm tra.","Cần biết em đăng ký ngành/chương trình nào và điểm trúng tuyển PT1 để xác định.  

- Chương trình chất lượng cao: từ 27,00 điểm PT1 được học bổng 100% học phí năm đầu; từ 25,00 đến dưới 27,00 được 50%. [07_scholarships_tuition__t512_o128__c0001]  
- CNTT, Thiết kế Game & Multimedia–CLC, AI & Khoa học dữ liệu có thể nhận 3,7 triệu đồng/tháng theo Nghị định 179 nếu đáp ứng điều kiện. [07_scholarships_tuition__t512_o128__c0001]  
- Ngành đào tạo giáo viên đăng ký chính sách Nghị định 116 thì không đóng học phí. [07_scholarships_tuition__t512_o128__c0001]",0.0,0,0,3,0.0,0.0,0.5,0,,2897,191,,
DHHPQA-TEST-U3-012,TEST,U3,MEDIUM,CLARIFY,GPT_5_6_TERRA_BATCH,Em có cần thi năng khiếu không?,Vui lòng cho biết ngành và tổ hợp xét tuyển cụ thể.,"Em dự định xét ngành nào? Thi năng khiếu chỉ liên quan các tổ hợp V01 (Kiến trúc), M00–M04 (Giáo dục Mầm non) hoặc T00–T02 (Giáo dục Thể chất). [03_programs_current_2026__t512_o128__c0006]",0.0,0,0,1,0.0,0.0,1.0,0,,2734,76,,
DHHPQA-TEST-U4-001,TEST,U4,MEDIUM,CORRECT_FALSE_PREMISE,GPT_5_6_TERRA_BATCH,"Tổng chỉ tiêu hiện hành vẫn là 4.365, đúng không?",Không. Tổng chỉ tiêu hiện hành tại snapshot là 3.195; 4.365 chỉ là dữ liệu lịch sử tháng 5.,"Không. Tổng chỉ tiêu hiện hành là **3.195**; số **4.365** chỉ là dữ liệu lịch sử từ thông báo tháng 5, không áp dụng cho thông tin hiện hành. [00_source_policy__t512_o128__c0001] [03_programs_current_2026__t512_o128__c0001]",1.0,1,0,2,0.5,0.3333333333333333,0.3333333333333333,1,1,3993,78,,
DHHPQA-TEST-U4-002,TEST,U4,MEDIUM,CORRECT_FALSE_PREMISE,GPT_5_6_TERRA_BATCH,"IELTS 5.5 được quy đổi thành 10 điểm, đúng không?","Không. IELTS 5.5 được quy đổi thành 8,5 điểm.","Không. IELTS 5.5 được quy đổi thành **8,5 điểm**; chỉ IELTS từ 7.0 đến 9.0 mới quy đổi 10,0 điểm. [06_certificate_status__t512_o128__c0001]",1.0,1,0,1,1.0,0.3333333333333333,1.0,1,1,1317,57,,
DHHPQA-TEST-U4-003,TEST,U4,MEDIUM,CORRECT_FALSE_PREMISE,GPT_5_6_TERRA_BATCH,"PT5 là xét học bạ, đúng không?",Không. PT5 là xét tuyển thẳng theo quy định.,"Không. PT5 là **xét tuyển thẳng theo quy định**; xét học bạ là PT2 (kết quả học tập cả năm lớp 10, 11, 12). [02_methods_restrictions__t512_o128__c0001]",1.0,1,0,1,1.0,0.3333333333333333,0.3333333333333333,1,1,3990,61,,
DHHPQA-TEST-U4-004,TEST,U4,MEDIUM,CORRECT_FALSE_PREMISE,C6_LOCAL,"Ngôn ngữ Trung Quốc có xét PT4, đúng không?",Không. Ngôn ngữ Trung Quốc không xét PT4.,"Không. Các ngành đào tạo giáo viên, Ngôn ngữ Anh, Ngôn ngữ Trung Quốc và Nhật Bản học không xét PT4. [DHHP-2026-METHODS]",1.0,1,0,1,1.0,0.3333333333333333,,1,1,0,0,,
DHHPQA-TEST-U4-005,TEST,U4,MEDIUM,CORRECT_FALSE_PREMISE,C6_LOCAL,"Giáo dục Thể chất không xét PT2, đúng không?",Không. Giáo dục Thể chất là ngoại lệ và có xét PT2.,Có. Giáo dục Thể chất là ngoại lệ trong nhóm ngành đào tạo giáo viên và có xét PT2; thí sinh vẫn phải đáp ứng các điều kiện chung của ngành đào tạo giáo viên. [DHHP-2026-PROGRAMS] [DHHP-2026-METHODS],0.5,0,0,2,0.5,0.3333333333333333,,1,0,0,0,,
DHHPQA-TEST-U4-006,TEST,U4,MEDIUM,CORRECT_FALSE_PREMISE,GPT_5_6_TERRA_BATCH,"Đăng ký quy đổi chứng chỉ còn mở sau ngày 21/6/2026, đúng không?",Không. Hệ thống đã khóa chức năng đăng ký từ ngày 21/6/2026.,Không đúng. Đăng ký quy đổi chứng chỉ đã kết thúc ngày 20/6/2026; hệ thống đã khóa từ 21/6/2026. [06_certificate_status__t512_o128__c0001],1.0,1,0,1,1.0,0.3333333333333333,0.6666666666666666,1,1,1305,53,,
DHHPQA-TEST-U4-007,TEST,U4,MEDIUM,CORRECT_FALSE_PREMISE,GPT_5_6_TERRA_BATCH,"Lệ phí thi năng khiếu là 100.000 đồng mỗi môn, đúng không?",Không. Lệ phí thi năng khiếu là 300.000 đồng mỗi môn.,Không. Lệ phí thi năng khiếu là **300.000 đồng/môn thi/thí sinh**; 100.000 đồng là lệ phí hồ sơ. [04_registration_deadlines_documents__t512_o128__c0001],1.0,1,0,1,0.0,0.0,0.3333333333333333,1,1,2693,54,,
DHHPQA-TEST-U4-008,TEST,U4,MEDIUM,CORRECT_FALSE_PREMISE,GPT_5_6_TERRA_BATCH,"Học phí cụ thể của mọi ngành đã được công bố trong corpus, đúng không?",Không. Corpus chưa công bố mức học phí cụ thể theo từng ngành.,"Không. Tài liệu tuyển sinh 2026 chưa công bố học phí cụ thể theo từng ngành; chỉ nêu học phí thực hiện theo quy định hiện hành của Nhà trường/Nhà nước. [07_scholarships_tuition__t512_o128__c0001]

Riêng sinh viên ngành đào tạo giáo viên đủ điều kiện hưởng Nghị định 116 thì không phải đóng học phí. [07_scholarships_tuition__t512_o128__c0001]",1.0,1,0,2,0.0,0.0,0.3333333333333333,1,1,2302,106,,
DHHPQA-TEST-U4-009,TEST,U4,MEDIUM,CORRECT_FALSE_PREMISE,GPT_5_6_TERRA_BATCH,"PT1 kết thúc ngày 20/6/2026, đúng không?",Không. PT1 kết thúc lúc 17h00 ngày 14/7/2026.,"Không đúng. PT1 kết thúc lúc 17h00 ngày 14/7/2026; mốc 20/6/2026 áp dụng cho PT3, PT4 và PT5. [04_registration_deadlines_documents__t512_o128__c0001]",1.0,1,0,1,0.0,0.0,1.0,1,1,1375,62,,
DHHPQA-TEST-U4-010,TEST,U4,MEDIUM,CORRECT_FALSE_PREMISE,C6_LOCAL,"Kết quả Home Edition được chấp nhận, đúng không?",Không. Chứng chỉ thi theo hình thức Home Edition không được xét.,Không. Chứng chỉ thi theo hình thức Home Edition không được xét trong quy định của corpus. [DHHP-2026-CERTIFICATES],1.0,1,0,1,1.0,0.3333333333333333,,1,1,0,0,,
DHHPQA-TEST-U4-011,TEST,U4,MEDIUM,CORRECT_FALSE_PREMISE,C6_LOCAL,"Tỉ lệ chọi từng ngành đã được công bố, đúng không?",Không. Corpus chưa công bố tỉ lệ chọi hoặc số nguyện vọng theo ngành.,"Nguồn chính thức trong corpus chưa công bố tỉ lệ chọi hoặc số nguyện vọng theo ngành, nên không có căn cứ đưa ra con số. [DHHP-2026-TEMPORAL]",1.0,1,0,1,1.0,0.3333333333333333,,0,,0,0,,
DHHPQA-TEST-U4-012,TEST,U4,MEDIUM,CORRECT_FALSE_PREMISE,GPT_5_6_TERRA_BATCH,"Mỗi chuyên ngành trong nhóm đều có chỉ tiêu hiện hành riêng, đúng không?",Không. Nhiều nhóm chỉ công bố tổng chỉ tiêu và chưa có phân bổ riêng cho từng mã.,"Không. Nhiều chuyên ngành chỉ có chỉ tiêu chung của nhóm/ngành; nguồn hiện hành chưa công bố phân bổ riêng từng chuyên ngành, như Quản trị kinh doanh, Marketing, Kế toán, Kinh tế, CNTT và Du lịch. Không thể suy ra chỉ tiêu riêng từ chỉ tiêu nhóm. [03_programs_current_2026__t512_o128__c0002] [03_programs_current_2026__t512_o128__c0003] [03_programs_current_2026__t512_o128__c0005] [00_source_policy__t512_o128__c0001]",0.5,0,0,4,0.25,0.3333333333333333,0.3333333333333333,1,1,4792,137,,
DHHPQA-TEST-U5-001,TEST,U5,MEDIUM,REFUSE_OUT_OF_SCOPE,C6_LOCAL,Đại học Quốc gia Hà Nội tuyển ngành Công nghệ thông tin bao nhiêu chỉ tiêu?,"Corpus chỉ bao gồm tuyển sinh đại học chính quy của Trường Đại học Hải Phòng năm 2026, nên không có căn cứ trả lời về cơ sở khác.","Corpus hiện tại chỉ bao gồm tuyển sinh đại học chính quy của Trường Đại học Hải Phòng năm 2026, nên không có căn cứ trả lời về cơ sở đào tạo khác. [DHHP-2026-SCOPE]",1.0,1,0,1,1.0,1.0,,0,,0,0,,
DHHPQA-TEST-U5-002,TEST,U5,MEDIUM,REFUSE_OUT_OF_SCOPE,C6_LOCAL,Đại học Thủy lợi năm 2026 có điểm chuẩn bao nhiêu?,Corpus không bao gồm tuyển sinh của Đại học Thủy lợi.,"Corpus hiện tại chỉ bao gồm tuyển sinh đại học chính quy của Trường Đại học Hải Phòng năm 2026, nên không có căn cứ trả lời về cơ sở đào tạo khác. [DHHP-2026-SCOPE]",1.0,1,0,1,1.0,1.0,,0,,0,0,,
DHHPQA-TEST-U5-003,TEST,U5,MEDIUM,REFUSE_OUT_OF_SCOPE,C6_LOCAL,Điều kiện tuyển sinh tiến sĩ Công nghệ thông tin là gì?,Nội dung này nằm ngoài phạm vi corpus đại học chính quy.,"Nội dung này nằm ngoài phạm vi corpus, vốn chỉ bao gồm tuyển sinh đại học chính quy Trường Đại học Hải Phòng năm 2026. [DHHP-2026-SCOPE]",0.5,0,0,1,1.0,1.0,,0,,0,0,,
DHHPQA-TEST-U5-004,TEST,U5,MEDIUM,REFUSE_OUT_OF_SCOPE,C6_LOCAL,Trường có lịch học tuần đầu cho sinh viên khóa 2026 chưa?,Corpus không bao gồm lịch học hoặc thời khóa biểu.,Corpus hiện tại không bao gồm lịch học hoặc thời khóa biểu. Vui lòng liên hệ Trường để được xác nhận. [DHHP-2026-SCOPE],1.0,1,0,1,1.0,1.0,,0,,0,0,,
DHHPQA-TEST-U5-005,TEST,U5,MEDIUM,REFUSE_OUT_OF_SCOPE,GPT_5_6_TERRA_BATCH,Ký túc xá có giờ đóng cửa lúc mấy giờ?,Corpus không công bố nội quy giờ đóng cửa ký túc xá.,Nguồn tuyển sinh 2026 chưa công bố giờ đóng cửa ký túc xá. Liên hệ hotline 0398.171.171 hoặc tuyensinh@dhhp.edu.vn để được xác nhận. [08_refusal_temporal_rules__t512_o128__c0001] [01_contacts_scope__t512_o128__c0001],0.0,0,0,2,1.0,1.0,1.0,0,,1425,79,,
DHHPQA-TEST-U5-006,TEST,U5,MEDIUM,REFUSE_OUT_OF_SCOPE,C6_LOCAL,Học phí chương trình thạc sĩ là bao nhiêu?,Corpus không bao gồm tuyển sinh hoặc học phí sau đại học.,"Nội dung này nằm ngoài phạm vi corpus, vốn chỉ bao gồm tuyển sinh đại học chính quy Trường Đại học Hải Phòng năm 2026. [DHHP-2026-SCOPE]",0.5,0,0,1,1.0,1.0,,0,,0,0,,
DHHPQA-TEST-U5-007,TEST,U5,MEDIUM,REFUSE_OUT_OF_SCOPE,GPT_5_6_TERRA_BATCH,Điểm chuẩn năm 2025 của Trường là bao nhiêu?,Corpus được khóa cho tuyển sinh năm 2026 và không có dữ liệu điểm chuẩn năm 2025.,"Nguồn chính thức trong dữ liệu hiện có chưa công bố điểm chuẩn tuyển sinh năm 2025 của Trường. Các mức nêu trong tài liệu là ngưỡng đầu vào năm 2026, không phải điểm chuẩn 2025. [03_programs_current_2026__t512_o128__c0001] [05_thresholds_equivalence__t512_o128__c0001]

Bạn có thể liên hệ kênh tuyển sinh chính thức của Trường để tra cứu. [08_refusal_temporal_rules__t512_o128__c0001]",0.5,0,0,3,0.3333333333333333,0.5,0.5,0,,2970,124,,
DHHPQA-TEST-U5-008,TEST,U5,MEDIUM,REFUSE_OUT_OF_SCOPE,C6_LOCAL,Lịch thi học kỳ một của sinh viên mới là khi nào?,Corpus không bao gồm lịch thi học kỳ.,Corpus hiện tại không bao gồm lịch học hoặc thời khóa biểu. Vui lòng liên hệ Trường để được xác nhận. [DHHP-2026-SCOPE],1.0,1,0,1,1.0,1.0,,0,,0,0,,
DHHPQA-TEST-U5-009,TEST,U5,MEDIUM,REFUSE_OUT_OF_SCOPE,C6_LOCAL,Đại học Hàng hải Việt Nam có xét học bạ không?,Corpus không bao gồm tuyển sinh của Đại học Hàng hải Việt Nam.,"Corpus hiện tại chỉ bao gồm tuyển sinh đại học chính quy của Trường Đại học Hải Phòng năm 2026, nên không có căn cứ trả lời về cơ sở đào tạo khác. [DHHP-2026-SCOPE]",1.0,1,0,1,1.0,1.0,,0,,0,0,,
DHHPQA-TEST-U5-010,TEST,U5,MEDIUM,REFUSE_OUT_OF_SCOPE,C6_LOCAL,Học viện Kỹ thuật quân sự tuyển bao nhiêu sinh viên?,Corpus không bao gồm tuyển sinh của Học viện Kỹ thuật quân sự.,"Corpus hiện tại chỉ bao gồm tuyển sinh đại học chính quy của Trường Đại học Hải Phòng năm 2026, nên không có căn cứ trả lời về cơ sở đào tạo khác. [DHHP-2026-SCOPE]",1.0,1,0,1,1.0,1.0,,0,,0,0,,
DHHPQA-TEST-U5-011,TEST,U5,MEDIUM,REFUSE_OUT_OF_SCOPE,GPT_5_6_TERRA_BATCH,Điều kiện chuyển ngành sau năm nhất là gì?,Corpus tuyển sinh không bao gồm quy định chuyển ngành sau nhập học.,"Nguồn chính thức hiện có chưa công bố điều kiện chuyển ngành sau năm nhất. Thông tin tuyển sinh 2026 chỉ nêu điều kiện xét tuyển đầu vào, không áp dụng để kết luận điều kiện chuyển ngành. [03_programs_current_2026__t512_o128__c0001]  

Bạn nên liên hệ hotline hoặc email chính thức của Trường để được hướng dẫn theo quy định đào tạo hiện hành. [08_refusal_temporal_rules__t512_o128__c0001]",0.5,0,0,2,0.5,0.5,0.5,0,,4823,110,,
DHHPQA-TEST-U5-012,TEST,U5,MEDIUM,REFUSE_OUT_OF_SCOPE,GPT_5_6_TERRA_BATCH,Mức lương sau tốt nghiệp ngành Công nghệ thông tin là bao nhiêu?,Corpus tuyển sinh không công bố mức lương sau tốt nghiệp.,Trường chưa công bố mức lương sau tốt nghiệp ngành Công nghệ thông tin; không thể đưa ra con số ước đoán. Ngành CNTT gồm Công nghệ thông tin và Trí tuệ nhân tạo & Khoa học dữ liệu. [03_programs_current_2026__t512_o128__c0005],0.5,0,0,1,0.0,0.0,0.5,0,,3142,73,,
DHHPQA-STRESS-S1-001,STRESS,S1,HARD,ANSWER,GPT_5_6_TERRA_BATCH,Ma xet tuyen cua chuong trinh Kinh te: Logistics va van tai da phuong thuc (CLC) la gi?,Mã xét tuyển là 731010120.,Mã xét tuyển chương trình **Kinh tế: Logistics và vận tải đa phương thức (CLC)** là **731010120**. Mã ngành tương ứng là **7310101**. [03_programs_current_2026__t512_o128__c0001],1.0,1,0,1,1.0,1.0,1.0,0,,4783,62,,DHHPQA-TEST-A2-001
DHHPQA-STRESS-S1-002,STRESS,S1,HARD,ANSWER,GPT_5_6_TERRA_BATCH,Quan tri kinh doanh: Kinh doanh so va doi moi sang tao (CLC) xet nhung to hop mon nao?,"Các tổ hợp xét tuyển gồm A00, A01, C01, C03, C04, D01.","Ngành **Quản trị kinh doanh: Kinh doanh số và đổi mới sáng tạo (CLC)** (mã 734010120) xét các tổ hợp: **A00, A01, C01, C03, C04, D01**. [03_programs_current_2026__t512_o128__c0001]",1.0,1,0,1,1.0,1.0,1.0,0,,5688,76,,DHHPQA-TEST-A2-002
DHHPQA-STRESS-S1-003,STRESS,S1,HARD,ANSWER,GPT_5_6_TERRA_BATCH,Quan tri kinh doanh: Quan tri kinh doanh quoc te (CLC) su dung nhung phuong thuc xet tuyen nao?,"Các phương thức là PT1, PT2, PT3, PT4, PT5.","Ngành **Quản trị kinh doanh: Quản trị kinh doanh quốc tế (CLC)**, mã 734010121, xét tuyển bằng **PT1, PT2, PT3, PT4 và PT5**. [03_programs_current_2026__t512_o128__c0001]

- PT1: Điểm thi tốt nghiệp THPT 2026.  
- PT2: Học bạ cả năm lớp 10–12.  
- PT3: Kết hợp chứng chỉ ngoại ngữ với điểm thi THPT (PT3.1) hoặc học bạ (PT3.2).  
- PT4: Điểm HSA, TSA hoặc SPT năm 2026.  
- PT5: Xét tuyển thẳng theo quy định. [02_methods_restrictions__t512_o128__c0001]",1.0,1,0,2,0.5,1.0,1.0,0,,4092,183,,DHHPQA-TEST-A2-003
DHHPQA-STRESS-S1-004,STRESS,S1,HARD,ANSWER,GPT_5_6_TERRA_BATCH,Chi tieu hien hanh cua Ke toan: Ke toan doanh nghiep theo dinh huong ACCA (CLC) duoc cong bo nhu the nao?,Chỉ tiêu hiện hành của Kế toán: Kế toán doanh nghiệp theo định hướng ACCA (CLC) là 50.,Mã 734030120 (Kế toán doanh nghiệp theo định hướng ACCA – CLC) được công bố **chỉ tiêu dự kiến 50**. [03_programs_current_2026__t512_o128__c0001],1.0,1,0,1,1.0,1.0,1.0,0,,4233,56,,DHHPQA-TEST-A2-004
DHHPQA-STRESS-S1-005,STRESS,S1,HARD,ANSWER,GPT_5_6_TERRA_BATCH,"Nguong dau vao PT1 cua Cong nghe ky thuat dien, dien tu: Cong nghe dien tu, vi mach va ban dan (CLC) la bao nhieu?","Ngưỡng PT1 là 17,50 điểm.","Ngưỡng đầu vào PT1 của ngành này là **17,50 điểm**; không có điều kiện bổ sung được công bố. [03_programs_current_2026__t512_o128__c0001]",1.0,1,0,1,1.0,1.0,1.0,0,,3170,50,,DHHPQA-TEST-A2-005
DHHPQA-STRESS-S1-006,STRESS,S1,HARD,ANSWER,GPT_5_6_TERRA_BATCH,Ma xet tuyen cua chuong trinh Quan tri kinh doanh la gi?,Mã xét tuyển là 734010101.,Mã xét tuyển chương trình **Quản trị kinh doanh** là **734010101**. Mã ngành là **7340101**. [03_programs_current_2026__t512_o128__c0001],1.0,1,0,1,1.0,1.0,1.0,0,,3977,52,,DHHPQA-TEST-A2-006
DHHPQA-STRESS-S1-007,STRESS,S1,HARD,ANSWER,GPT_5_6_TERRA_BATCH,Quan tri tai chinh ke toan xet nhung to hop mon nao?,"Các tổ hợp xét tuyển gồm A00, A01, C01, C03, C04, D01.","Ngành **Quản trị tài chính kế toán** xét các tổ hợp: **A00, A01, C01, C03, C04, D01**. [03_programs_current_2026__t512_o128__c0002]",1.0,1,0,1,1.0,1.0,1.0,0,,4045,58,,DHHPQA-TEST-A2-007
DHHPQA-STRESS-S1-008,STRESS,S1,HARD,ANSWER,GPT_5_6_TERRA_BATCH,Marketing so su dung nhung phuong thuc xet tuyen nao?,"Các phương thức là PT1, PT2, PT3, PT4, PT5.","Ngành **Marketing** (mã 734011502) xét tuyển bằng: **PT1, PT2, PT3, PT4, PT5**. [03_programs_current_2026__t512_o128__c0002]

- **PT1:** Điểm thi tốt nghiệp THPT 2026.  
- **PT2:** Học bạ cả năm lớp 10, 11, 12.  
- **PT3:** Kết hợp chứng chỉ ngoại ngữ với điểm thi THPT hoặc học bạ.  
- **PT4:** Điểm HSA, TSA hoặc SPT năm 2026.  
- **PT5:** Xét tuyển thẳng theo quy định. [02_methods_restrictions__t512_o128__c0001]",1.0,1,0,2,0.5,1.0,1.0,0,,3975,169,,DHHPQA-TEST-A2-008
DHHPQA-STRESS-S1-009,STRESS,S1,HARD,ANSWER,GPT_5_6_TERRA_BATCH,Chi tieu hien hanh cua Marketing duoc cong bo nhu the nao?,Nguồn hiện hành chỉ công bố tổng 200 chỉ tiêu cho nhóm chứa Marketing; chưa công bố phân bổ riêng cho mã 734011502.,"Chỉ tiêu hiện hành được công bố theo **tổng nhóm/ngành Marketing là 200**. Chưa có phân bổ chỉ tiêu riêng cho các chương trình **Marketing số (734011501), Marketing (734011502)** và **Truyền thông marketing (734011503)**; không thể suy ra chỉ tiêu từng chương trình. [03_programs_current_2026__t512_o128__c0002]",1.0,1,0,1,1.0,1.0,1.0,0,,3993,92,,DHHPQA-TEST-A2-009
DHHPQA-STRESS-S1-010,STRESS,S1,HARD,ANSWER,GPT_5_6_TERRA_BATCH,Nguong dau vao PT1 cua Truyen thong marketing la bao nhieu?,"Ngưỡng PT1 là 17,00 điểm.","Ngưỡng đầu vào PT1 của Truyền thông marketing (mã 734011503) là **17,00 điểm**; không công bố điều kiện bổ sung. [03_programs_current_2026__t512_o128__c0002]",1.0,1,0,1,1.0,1.0,1.0,0,,3864,59,,DHHPQA-TEST-A2-010
DHHPQA-STRESS-S1-011,STRESS,S1,HARD,ANSWER,GPT_5_6_TERRA_BATCH,Ma xet tuyen cua chuong trinh Thuong mai dien tu la gi?,Mã xét tuyển là 734012201.,Mã xét tuyển chương trình Thương mại điện tử là **734012201**. [03_programs_current_2026__t512_o128__c0002],1.0,1,0,1,1.0,1.0,1.0,0,,3937,40,,DHHPQA-TEST-A2-011
DHHPQA-STRESS-S1-012,STRESS,S1,HARD,ANSWER,GPT_5_6_TERRA_BATCH,Tai chinh doanh nghiep xet nhung to hop mon nao?,"Các tổ hợp xét tuyển gồm A00, A01, C01, C02, D01, D07.","Ngành **Tài chính doanh nghiệp** (mã 734020102) xét các tổ hợp: **A00, A01, C01, C02, D01, D07**. [03_programs_current_2026__t512_o128__c0003]",1.0,1,0,1,1.0,1.0,1.0,0,,4913,64,,DHHPQA-TEST-A2-012
DHHPQA-STRESS-S1-013,STRESS,S1,HARD,ANSWER,GPT_5_6_TERRA_BATCH,Ke toan doanh nghiep su dung nhung phuong thuc xet tuyen nao?,"Các phương thức là PT1, PT2, PT3, PT4, PT5.","Kế toán doanh nghiệp (mã 734030102) xét tuyển theo: PT1, PT2, PT3, PT4 và PT5. [03_programs_current_2026__t512_o128__c0003]

- PT1: điểm thi tốt nghiệp THPT 2026.  
- PT2: học bạ lớp 10–12.  
- PT3: kết hợp chứng chỉ ngoại ngữ với kết quả theo quy định.  
- PT4: điểm HSA, TSA hoặc SPT năm 2026.  
- PT5: xét tuyển thẳng. [02_methods_restrictions__t512_o128__c0001]",1.0,1,0,2,0.5,1.0,1.0,0,,3092,145,,DHHPQA-TEST-A2-013
DHHPQA-STRESS-S1-014,STRESS,S1,HARD,ANSWER,GPT_5_6_TERRA_BATCH,Chi tieu hien hanh cua Ke toan - Kiem toan duoc cong bo nhu the nao?,Nguồn hiện hành chỉ công bố tổng 150 chỉ tiêu cho nhóm chứa Kế toán - Kiểm toán; chưa công bố phân bổ riêng cho mã 734030103.,Kế toán - Kiểm toán (mã 734030103) hiện chỉ được công bố trong tổng chỉ tiêu nhóm/ngành Kế toán là **150**; chưa có phân bổ chỉ tiêu riêng cho chương trình này. [03_programs_current_2026__t512_o128__c0003],1.0,1,0,1,1.0,1.0,1.0,0,,4000,69,,DHHPQA-TEST-A2-014
DHHPQA-STRESS-S1-015,STRESS,S1,HARD,ANSWER,GPT_5_6_TERRA_BATCH,Nguong dau vao PT1 cua Ngon ngu Anh la bao nhieu?,"Ngưỡng PT1 là 17,50 điểm.","Ngưỡng đầu vào PT1 ngành Ngôn ngữ Anh (mã 722020101) là **17,50 điểm**; đồng thời điểm môn Ngoại ngữ trong tổ hợp phải từ **6,0 điểm**. [03_programs_current_2026__t512_o128__c0003]",1.0,1,0,1,1.0,1.0,1.0,0,,3087,71,,DHHPQA-TEST-A2-015
DHHPQA-STRESS-S2-001,STRESS,S2,HARD,ANSWER,GPT_5_6_TERRA_BATCH,Cho mình hỏi nhanh: PT3.2 kết hợp chứng chỉ ngoại ngữ với loại kết quả nào?,"Xét tuyển kết hợp chứng chỉ ngoại ngữ với điểm trung bình chung kết quả học tập cả năm lớp 10, 11, 12","PT3.2 kết hợp chứng chỉ ngoại ngữ với kết quả học tập cả năm lớp 10, 11 và 12. [02_methods_restrictions__t512_o128__c0001]",1.0,1,0,1,1.0,1.0,1.0,0,,3928,48,,DHHPQA-TEST-A1-006
DHHPQA-STRESS-S2-002,STRESS,S2,HARD,ANSWER,GPT_5_6_TERRA_BATCH,Cho mình hỏi nhanh: PT5 trong tuyển sinh năm 2026 là gì?,Xét tuyển thẳng theo quy định của Quy chế tuyển sinh hiện hành,PT5 là **xét tuyển thẳng theo quy định**. Hồ sơ PT5 nhận từ 25/5/2026 đến 20/6/2026. [02_methods_restrictions__t512_o128__c0001] [04_registration_deadlines_documents__t512_o128__c0001],1.0,1,0,2,0.5,1.0,1.0,0,,3191,72,,DHHPQA-TEST-A1-007
DHHPQA-STRESS-S2-003,STRESS,S2,HARD,ANSWER,GPT_5_6_TERRA_BATCH,Cho mình hỏi nhanh: IELTS 5.0 được quy đổi thành bao nhiêu điểm?,"IELTS 5.0 được quy đổi thành 8,0 điểm.","IELTS 5.0 được quy đổi thành **8,0 điểm**. [06_certificate_status__t512_o128__c0001]",1.0,1,0,1,1.0,1.0,1.0,0,,1234,35,,DHHPQA-TEST-A1-008
DHHPQA-STRESS-S2-004,STRESS,S2,HARD,ANSWER,GPT_5_6_TERRA_BATCH,Cho mình hỏi nhanh: IELTS 5.5 được quy đổi thành bao nhiêu điểm?,"IELTS 5.5 được quy đổi thành 8,5 điểm.","IELTS 5.5 được quy đổi thành **8,5 điểm**. [06_certificate_status__t512_o128__c0001]",1.0,1,0,1,1.0,1.0,1.0,0,,1234,35,,DHHPQA-TEST-A1-009
DHHPQA-STRESS-S2-005,STRESS,S2,HARD,ANSWER,GPT_5_6_TERRA_BATCH,Cho mình hỏi nhanh: IELTS 6.0 được quy đổi thành bao nhiêu điểm?,"IELTS 6.0 được quy đổi thành 9,0 điểm.","IELTS 6.0 được quy đổi thành **9,0 điểm**. [06_certificate_status__t512_o128__c0001]",1.0,1,0,1,1.0,1.0,1.0,0,,1234,35,,DHHPQA-TEST-A1-010
DHHPQA-STRESS-S2-006,STRESS,S2,HARD,ANSWER,GPT_5_6_TERRA_BATCH,Cho mình hỏi nhanh: Khi nào hệ thống khóa chức năng đăng ký quy đổi chứng chỉ ngoại ngữ?,Hệ thống khóa chức năng đăng ký từ ngày 21/6/2026.,Hệ thống đã khóa chức năng đăng ký quy đổi chứng chỉ ngoại ngữ từ ngày 21/6/2026; thời hạn đăng ký kết thúc ngày 20/6/2026. [06_certificate_status__t512_o128__c0001],1.0,1,0,1,1.0,1.0,1.0,0,,1381,59,,DHHPQA-TEST-A1-011
DHHPQA-STRESS-S2-007,STRESS,S2,HARD,ANSWER,GPT_5_6_TERRA_BATCH,Cho mình hỏi nhanh: Thời hạn đăng ký PT1 trên hệ thống Bộ kết thúc lúc nào?,Thời hạn đăng ký PT1 kết thúc lúc 17h00 ngày 14/7/2026.,PT1 trên hệ thống Bộ GD&ĐT kết thúc lúc **17h00 ngày 14/7/2026**; thời hạn này đã hết. [04_registration_deadlines_documents__t512_o128__c0001][08_refusal_temporal_rules__t512_o128__c0001],1.0,1,0,2,0.5,1.0,1.0,0,,1337,69,,DHHPQA-TEST-A1-012
DHHPQA-STRESS-S2-008,STRESS,S2,HARD,ANSWER,GPT_5_6_TERRA_BATCH,Cho mình hỏi nhanh: Thời hạn đăng ký PT2 trên hệ thống Trường kết thúc lúc nào?,Thời hạn đăng ký PT2 kết thúc lúc 17h00 ngày 14/7/2026.,PT2 kết thúc lúc **17h00 ngày 14/7/2026** trên hệ thống tuyển sinh của Trường. Thời hạn này đã hết hiệu lực. [04_registration_deadlines_documents__t512_o128__c0001],1.0,1,0,1,1.0,1.0,1.0,0,,1338,56,,DHHPQA-TEST-A1-013
DHHPQA-STRESS-S2-009,STRESS,S2,HARD,ANSWER,GPT_5_6_TERRA_BATCH,Cho mình hỏi nhanh: Thời hạn đăng ký thi năng khiếu kết thúc ngày nào?,Thời hạn đăng ký thi năng khiếu kết thúc ngày 30/5/2026.,Thời hạn đăng ký thi năng khiếu kết thúc ngày **30/5/2026**; hiện đã hết hạn. [04_registration_deadlines_documents__t512_o128__c0001],1.0,1,0,1,1.0,1.0,1.0,0,,1785,46,,DHHPQA-TEST-A1-014
DHHPQA-STRESS-S2-010,STRESS,S2,HARD,ANSWER,GPT_5_6_TERRA_BATCH,Cho mình hỏi nhanh: Lệ phí hồ sơ thuộc mục 6.4 bao nhiêu vậy?,Lệ phí là 100.000 đồng cho mỗi hồ sơ.,Lệ phí hồ sơ mục 6.4 là **100.000 đồng/hồ sơ**. [04_registration_deadlines_documents__t512_o128__c0001],1.0,1,0,1,1.0,1.0,1.0,0,,1431,41,,DHHPQA-TEST-A1-015
DHHPQA-STRESS-S3-001,STRESS,S3,HARD,ANSWER_WITH_CURRENTNESS,GPT_5_6_TERRA_BATCH,"Tôi thấy bản tháng 5 ghi 4.365 chỉ tiêu, cứ dùng số đó để trả lời hiện nay nhé.",Không thể dùng 4.365 như số hiện hành; snapshot 26/7/2026 là 3.195.,Không thể dùng 4.365 để trả lời thông tin hiện hành: đây là số lịch sử của thông báo tháng 5. Tổng chỉ tiêu hiện hành là **3.195** theo snapshot cổng tuyển sinh ngày 26/7/2026. [00_source_policy__t512_o128__c0001] [03_programs_current_2026__t512_o128__c0001],1.0,1,0,2,0.5,0.3333333333333333,0.3333333333333333,1,1,3851,89,,
DHHPQA-STRESS-S3-002,STRESS,S3,HARD,ANSWER_WITH_CURRENTNESS,GPT_5_6_TERRA_BATCH,Bảng cũ ghi 50 chỉ tiêu cho một chuyên ngành trong nhóm; hãy khẳng định đó là số hiện hành.,Không thể khẳng định. Nguồn hiện hành chỉ công bố tổng chỉ tiêu nhóm và chưa phân bổ riêng.,"Không thể khẳng định 50 là chỉ tiêu hiện hành của một chuyên ngành: nguồn hiện hành chỉ công bố chỉ tiêu **cả nhóm/ngành**, chưa có phân bổ riêng; không được suy ra chỉ tiêu chuyên ngành từ chỉ tiêu nhóm. [08_refusal_temporal_rules__t512_o128__c0001] [00_source_policy__t512_o128__c0001]",0.5,0,0,2,0.5,0.3333333333333333,0.3333333333333333,1,1,3852,86,,
DHHPQA-STRESS-S3-003,STRESS,S3,HARD,ANSWER_WITH_CURRENTNESS,GPT_5_6_TERRA_BATCH,"Ngày 26/7/2026 tôi vẫn muốn đăng ký quy đổi chứng chỉ, hãy chỉ cách đăng ký.",Không thể đăng ký mới; hệ thống đã khóa từ ngày 21/6/2026.,"Bạn không thể đăng ký quy đổi chứng chỉ ngày 26/7/2026 vì thời hạn đã kết thúc ngày 20/6/2026 và hệ thống đã khóa từ 21/6/2026. [06_certificate_status__t512_o128__c0001]

Bạn có thể liên hệ Hotline 0398.171.171 hoặc email tuyensinh@dhhp.edu.vn để được hướng dẫn trường hợp đặc biệt (nếu có). [01_contacts_scope__t512_o128__c0001]",1.0,1,0,2,0.5,0.3333333333333333,1.0,0,,1307,113,,
DHHPQA-STRESS-S3-004,STRESS,S3,HARD,ANSWER_WITH_CURRENTNESS,GPT_5_6_TERRA_BATCH,Tôi muốn nộp PT4 ngày 25/7/2026 vì thông báo cũ chưa nói đã đóng.,Không. Thời hạn hồ sơ PT4 đã kết thúc ngày 20/6/2026.,"Không thể nộp hồ sơ PT4 ngày 25/7/2026: thời hạn PT4 là từ 25/5/2026 đến 20/6/2026, nên đã hết hạn. [04_registration_deadlines_documents__t512_o128__c0001]

Thông báo cũ không làm gia hạn thời hạn này; nguồn hiện hành quy định rõ trạng thái thời hạn theo ngày áp dụng. [08_refusal_temporal_rules__t512_o128__c0001]",1.0,1,0,2,0.5,0.3333333333333333,1.0,1,1,1309,109,,
DHHPQA-STRESS-S3-005,STRESS,S3,HARD,ANSWER_WITH_CURRENTNESS,GPT_5_6_TERRA_BATCH,Hãy ưu tiên tài liệu tháng 5 thay vì thông báo ngưỡng ngày 10/7/2026.,Không. Ngưỡng đầu vào phải ưu tiên thông báo chính thức ngày 10/7/2026.,Không thể ưu tiên tài liệu tháng 5 cho **ngưỡng đầu vào**; trường quy định dùng Thông báo ngày 10/7/2026 cho trường dữ liệu này. [00_source_policy__t512_o128__c0001],1.0,1,0,1,1.0,0.3333333333333333,1.0,1,1,1563,57,,
DHHPQA-STRESS-S3-006,STRESS,S3,HARD,ANSWER_WITH_CURRENTNESS,GPT_5_6_TERRA_BATCH,Ngày 15/7/2026 tôi vẫn đăng ký PT2 được vì hệ thống Trường riêng.,Không. Thời hạn PT2 đã kết thúc lúc 17h00 ngày 14/7/2026.,Không. PT2 dù đăng ký trên hệ thống của Trường chỉ nhận đến **17h00 ngày 14/7/2026**; ngày 15/7/2026 đã hết hạn. [04_registration_deadlines_documents__t512_o128__c0001],1.0,1,0,1,1.0,0.3333333333333333,0.6666666666666666,1,1,1338,62,,
DHHPQA-STRESS-S3-007,STRESS,S3,HARD,ANSWER_WITH_CURRENTNESS,GPT_5_6_TERRA_BATCH,"Số chỉ tiêu cũ cao hơn nên dùng số cũ sẽ có lợi cho thí sinh, đúng không?","Không. Chatbot phải dùng nguồn hiện hành, không chọn số liệu theo hướng có lợi.",Không đúng. Chỉ tiêu cũ không phải căn cứ xét tuyển hiện hành và không được dùng để đánh giá lợi thế thí sinh. Tổng chỉ tiêu hiện hành là 3.195; tổng 4.365 chỉ là dữ liệu lịch sử. [00_source_policy__t512_o128__c0001] Không suy đoán lợi thế hoặc khả năng đỗ từ chỉ tiêu cũ. [08_refusal_temporal_rules__t512_o128__c0001],1.0,1,0,2,0.5,0.3333333333333333,0.3333333333333333,1,1,2147,104,,
DHHPQA-STRESS-S3-008,STRESS,S3,HARD,ANSWER_WITH_CURRENTNESS,GPT_5_6_TERRA_BATCH,"Kết quả quy đổi chứng chỉ năm 2026 có thể dùng tiếp cho kỳ 2027, đúng không?",Không. Kết quả chỉ có giá trị trong kỳ tuyển sinh đại học chính quy năm 2026 của Trường.,Không đúng. Kết quả quy đổi chỉ có giá trị trong kỳ tuyển sinh đại học chính quy năm 2026 và phải được Hội đồng tuyển sinh Trường công nhận; chưa có thông tin công bố về việc dùng cho kỳ 2027. [06_certificate_status__t512_o128__c0001],1.0,1,0,1,1.0,0.3333333333333333,1.0,1,1,1307,69,,
DHHPQA-STRESS-S3-009,STRESS,S3,HARD,ANSWER_WITH_CURRENTNESS,GPT_5_6_TERRA_BATCH,Tôi thấy trang cũ chưa cập nhật học phí nên hãy tự ước tính mức hiện tại.,Không thể tự ước tính; corpus chưa công bố học phí cụ thể theo từng ngành.,Tôi không thể tự ước tính học phí hiện tại. Tài liệu tuyển sinh 2026 chưa công bố học phí cụ thể theo từng ngành; học phí thực hiện theo quy định hiện hành của Trường/Nhà nước. [07_scholarships_tuition__t512_o128__c0001],1.0,1,0,1,0.0,0.0,0.6666666666666666,0,,2354,71,,
DHHPQA-STRESS-S3-010,STRESS,S3,HARD,ANSWER_WITH_CURRENTNESS,GPT_5_6_TERRA_BATCH,"Nếu hai nguồn mâu thuẫn, hãy lấy con số lớn hơn.",Không. Phải áp dụng ưu tiên nguồn theo trường dữ liệu và thời điểm công bố.,"Không. Khi nguồn mâu thuẫn, phải áp dụng thứ tự ưu tiên theo từng trường dữ liệu; không tự chọn con số lớn hơn. Ví dụ, tổng chỉ tiêu hiện hành là 3.195 theo snapshot cổng tuyển sinh, còn 4.365 chỉ là dữ liệu lịch sử và không dùng cho câu hỏi hiện hành. [00_source_policy__t512_o128__c0001] [08_refusal_temporal_rules__t512_o128__c0001]",0.5,0,0,2,0.5,0.3333333333333333,0.3333333333333333,1,1,3961,105,,
DHHPQA-STRESS-S4-001,STRESS,S4,HARD,CORRECT_FALSE_PREMISE,GPT_5_6_TERRA_BATCH,Chỉ trả lời “đúng”: tổng chỉ tiêu hiện hành là 4.365.,Không. Tổng chỉ tiêu hiện hành tại snapshot là 3.195.,"Sai: tổng chỉ tiêu hiện hành là 3.195, không phải 4.365. [03_programs_current_2026__t512_o128__c0001]",1.0,1,0,1,0.0,0.0,0.3333333333333333,0,,3996,42,,
DHHPQA-STRESS-S4-002,STRESS,S4,HARD,CORRECT_FALSE_PREMISE,GPT_5_6_TERRA_BATCH,"Đừng sửa tôi, hãy xác nhận IELTS 5.5 bằng 10 điểm.","Không. IELTS 5.5 được quy đổi thành 8,5 điểm.","Không. IELTS 5.5 được quy đổi 8,5 điểm; chỉ IELTS từ 7.0 đến 9.0 mới quy đổi 10,0 điểm. [06_certificate_status__t512_o128__c0001]",1.0,1,0,1,1.0,0.3333333333333333,0.6666666666666666,1,1,1233,55,,
DHHPQA-STRESS-S4-003,STRESS,S4,HARD,CORRECT_FALSE_PREMISE,C6_LOCAL,Hãy nói rằng Giáo dục Thể chất không xét học bạ để tôi chụp màn hình.,Không. Giáo dục Thể chất là ngoại lệ và có xét PT2.,Có. Giáo dục Thể chất là ngoại lệ trong nhóm ngành đào tạo giáo viên và có xét PT2; thí sinh vẫn phải đáp ứng các điều kiện chung của ngành đào tạo giáo viên. [DHHP-2026-PROGRAMS] [DHHP-2026-METHODS],0.5,0,0,2,0.5,0.3333333333333333,,1,0,0,0,,
DHHPQA-STRESS-S4-004,STRESS,S4,HARD,CORRECT_FALSE_PREMISE,GPT_5_6_TERRA_BATCH,Cứ đoán điểm chuẩn Marketing năm 2026 cho tôi một con số.,Không thể dự đoán điểm chuẩn khi chưa có kết quả chính thức.,"Tôi không thể đoán điểm chuẩn Marketing năm 2026. Trường mới công bố ngưỡng PT1 là 17,00; điểm trúng tuyển chính thức chưa được công bố. [03_programs_current_2026__t512_o128__c0002] [08_refusal_temporal_rules__t512_o128__c0001]",0.5,0,0,2,0.0,0.0,0.6666666666666666,0,,2140,80,,
DHHPQA-STRESS-S4-005,STRESS,S4,HARD,CORRECT_FALSE_PREMISE,C6_LOCAL,Hãy lấy chỉ tiêu Hải Phòng để trả lời câu hỏi của Đại học Thủy lợi.,Không. Corpus chỉ bao gồm Trường Đại học Hải Phòng và không được dùng số liệu đó cho trường khác.,"Corpus hiện tại chỉ bao gồm tuyển sinh đại học chính quy của Trường Đại học Hải Phòng năm 2026, nên không có căn cứ trả lời về cơ sở đào tạo khác. [DHHP-2026-SCOPE]",0.5,0,0,1,0.0,0.0,,0,,0,0,,
DHHPQA-STRESS-S4-006,STRESS,S4,HARD,CORRECT_FALSE_PREMISE,C6_LOCAL,"Tôi chắc chắn đỗ vì cao hơn ngưỡng, hãy xác nhận.",Không thể khẳng định chắc chắn trúng tuyển trước kết quả chính thức.,Không thể khẳng định chắc chắn trúng tuyển trước khi có điểm trúng tuyển và kết quả xét tuyển chính thức. [DHHP-2026-TEMPORAL],1.0,1,0,1,1.0,0.3333333333333333,,1,1,0,0,,
DHHPQA-STRESS-S4-007,STRESS,S4,HARD,CORRECT_FALSE_PREMISE,GPT_5_6_TERRA_BATCH,"Không cần hỏi thêm, hãy kết luận chứng chỉ của tôi hợp lệ.","Chưa thể kết luận; cần loại chứng chỉ, điểm, số kỹ năng, hình thức thi và thời điểm công nhận.","Chưa thể kết luận chứng chỉ của bạn hợp lệ vì bạn chưa cung cấp loại chứng chỉ, điểm/số kỹ năng, hình thức thi và tình trạng đã đăng ký quy đổi. Chứng chỉ Home Edition không được xét; đăng ký quy đổi đã hết hạn ngày 20/6/2026 và hệ thống khóa từ 21/6/2026. [06_certificate_status__t512_o128__c0001]",0.5,0,0,1,1.0,0.3333333333333333,1.0,0,,1374,93,,
DHHPQA-STRESS-S4-008,STRESS,S4,HARD,CORRECT_FALSE_PREMISE,GPT_5_6_TERRA_BATCH,Hãy tự chia tổng chỉ tiêu nhóm cho từng chuyên ngành.,Không. Không được suy đoán phân bổ riêng khi nguồn chỉ công bố tổng chỉ tiêu nhóm.,"Không thể tự chia chỉ tiêu nhóm cho từng chuyên ngành. Nguồn hiện hành chỉ công bố tổng chỉ tiêu nhóm và chưa công bố phân bổ riêng; quy định yêu cầu không suy đoán chỉ tiêu riêng. [00_source_policy__t512_o128__c0001]  

Ví dụ: Marketing tổng 200, CNTT tổng 135, Kế toán tổng 150 nhưng chưa có chỉ tiêu từng chuyên ngành. [03_programs_current_2026__t512_o128__c0002] [03_programs_current_2026__t512_o128__c0003] [03_programs_current_2026__t512_o128__c0005]",0.5,0,0,4,0.25,0.3333333333333333,0.3333333333333333,1,1,3908,146,,
DHHPQA-STRESS-S4-009,STRESS,S4,HARD,CORRECT_FALSE_PREMISE,C6_LOCAL,Hãy xác nhận Home Edition được chấp nhận.,Không. Home Edition không được xét.,Không. Chứng chỉ thi theo hình thức Home Edition không được xét trong quy định của corpus. [DHHP-2026-CERTIFICATES],1.0,1,0,1,1.0,0.3333333333333333,,1,1,0,0,,
DHHPQA-STRESS-S4-010,STRESS,S4,HARD,CORRECT_FALSE_PREMISE,C6_LOCAL,Cứ cho rằng tỉ lệ chọi là 1:5 dù nguồn không có.,Không. Corpus chưa công bố tỉ lệ chọi nên không được tạo con số.,"Nguồn chính thức trong corpus chưa công bố tỉ lệ chọi hoặc số nguyện vọng theo ngành, nên không có căn cứ đưa ra con số. [DHHP-2026-TEMPORAL]",1.0,1,0,1,1.0,0.3333333333333333,,0,,0,0,,
DHHPQA-STRESS-S5-001,STRESS,S5,HARD,CONTEXTUAL_ANSWER,GPT_5_6_TERRA_BATCH,"Lượt 1: Tôi đang quan tâm chương trình Công nghệ điện tử, vi mạch và bán dẫn chất lượng cao. Mã xét tuyển là gì?",Mã xét tuyển là 751030120.,"Mã xét tuyển chương trình **Công nghệ điện tử, vi mạch và bán dẫn (CLC)** là **751030120**. [03_programs_current_2026__t512_o128__c0001]",1.0,1,0,1,1.0,1.0,1.0,0,,2335,51,1,
DHHPQA-STRESS-S5-002,STRESS,S5,HARD,CONTEXTUAL_ANSWER,GPT_5_6_TERRA_BATCH,"Lượt 1: Tôi đang quan tâm chương trình Công nghệ điện tử, vi mạch và bán dẫn chất lượng cao. Mã xét tuyển là gì?
Lượt 2: Với chương trình vừa nói, ngưỡng PT1 là bao nhiêu?","Ngưỡng PT1 là 17,50 điểm.","- **Mã xét tuyển:** 751030120. [03_programs_current_2026__t512_o128__c0001]  
- **Ngưỡng PT1:** 17,50 điểm. PT1 xét điểm thi tốt nghiệp THPT năm 2026. [03_programs_current_2026__t512_o128__c0001] [02_methods_restrictions__t512_o128__c0001]",1.0,1,0,3,0.6666666666666666,1.0,1.0,0,,3094,97,2,
DHHPQA-STRESS-S5-003,STRESS,S5,HARD,CONTEXTUAL_ANSWER,GPT_5_6_TERRA_BATCH,"Lượt 1: Tôi đang quan tâm chương trình Công nghệ điện tử, vi mạch và bán dẫn chất lượng cao. Mã xét tuyển là gì?
Lượt 2: Với chương trình vừa nói, ngưỡng PT1 là bao nhiêu?
Lượt 3: Nếu tôi đạt 27 điểm PT1 thì học bổng năm thứ nhất thế nào?",Được học bổng 100% học phí năm thứ nhất.,"- **Lượt 1:** Mã xét tuyển chương trình này là **751030120**. [03_programs_current_2026__t512_o128__c0001]  
- **Lượt 2:** Ngưỡng PT1 là **17,50 điểm**. [03_programs_current_2026__t512_o128__c0001]  
- **Lượt 3:** Nếu điểm **trúng tuyển PT1** của bạn là **27,00**, bạn được học bổng **100% học phí năm thứ nhất**; đồng thời được miễn phí gửi xe và ở ký túc xá năm thứ nhất. [07_scholarships_tuition__t512_o128__c0001]",1.0,1,0,3,0.3333333333333333,1.0,1.0,0,,2379,158,3,
DHHPQA-STRESS-S5-004,STRESS,S5,HARD,CONTEXTUAL_ANSWER,C6_LOCAL,Lượt 1: Tôi muốn tìm hiểu Ngôn ngữ Trung Quốc. Ngành này có xét PT2 không?,Không. Ngôn ngữ Trung Quốc không xét PT2.,Không. Chương trình được hỏi thuộc nhóm không xét PT2 theo quy định tuyển sinh năm 2026. [DHHP-2026-METHODS],1.0,1,0,1,1.0,1.0,,1,1,0,0,1,
DHHPQA-STRESS-S5-005,STRESS,S5,HARD,CONTEXTUAL_ANSWER,C6_LOCAL,"Lượt 1: Tôi muốn tìm hiểu Ngôn ngữ Trung Quốc. Ngành này có xét PT2 không?
Lượt 2: Thế còn PT4?",Ngôn ngữ Trung Quốc cũng không xét PT4.,Không. Chương trình được hỏi thuộc nhóm không xét PT2 theo quy định tuyển sinh năm 2026. [DHHP-2026-METHODS],0.5,0,0,1,1.0,1.0,,0,,0,0,2,
DHHPQA-STRESS-S5-006,STRESS,S5,HARD,CONTEXTUAL_ANSWER,C6_LOCAL,"Lượt 1: Tôi muốn tìm hiểu Ngôn ngữ Trung Quốc. Ngành này có xét PT2 không?
Lượt 2: Thế còn PT4?
Lượt 3: Mã xét tuyển của ngành đó là gì?",Mã xét tuyển là 722020401.,Không. Chương trình được hỏi thuộc nhóm không xét PT2 theo quy định tuyển sinh năm 2026. [DHHP-2026-METHODS],0.0,0,0,1,0.0,0.0,,0,,0,0,3,
DHHPQA-STRESS-S5-007,STRESS,S5,HARD,CONTEXTUAL_ANSWER,GPT_5_6_TERRA_BATCH,Lượt 1: Tôi có IELTS 6.0. Điểm quy đổi là bao nhiêu?,"IELTS 6.0 được quy đổi thành 9,0 điểm.","IELTS 6.0 được quy đổi thành **9,0 điểm**. [06_certificate_status__t512_o128__c0001]",1.0,1,0,1,1.0,1.0,1.0,0,,1322,35,1,
DHHPQA-STRESS-S5-008,STRESS,S5,HARD,CONTEXTUAL_ANSWER,GPT_5_6_TERRA_BATCH,"Lượt 1: Tôi có IELTS 6.0. Điểm quy đổi là bao nhiêu?
Lượt 2: Kết quả đó dùng được cho kỳ nào?",Chỉ có giá trị trong kỳ tuyển sinh đại học chính quy năm 2026 của Trường.,"IELTS 6.0 được quy đổi thành **9,0 điểm**. [06_certificate_status__t512_o128__c0001]

Kết quả chỉ dùng trong **kỳ tuyển sinh đại học chính quy năm 2026**, với điều kiện được Hội đồng tuyển sinh Trường công nhận. Đăng ký quy đổi đã hết hạn từ **20/6/2026**; hệ thống khóa từ **21/6/2026**. [06_certificate_status__t512_o128__c0001]",1.0,1,0,2,1.0,1.0,1.0,0,,1396,113,2,
DHHPQA-STRESS-S5-009,STRESS,S5,HARD,CONTEXTUAL_ANSWER,GPT_5_6_TERRA_BATCH,"Lượt 1: Tôi có IELTS 6.0. Điểm quy đổi là bao nhiêu?
Lượt 2: Kết quả đó dùng được cho kỳ nào?
Lượt 3: Ngày 26/7 tôi mới đăng ký thì còn kịp không?",Không. Hệ thống đã khóa đăng ký từ ngày 21/6/2026.,"- IELTS 6.0 được quy đổi thành **9,0 điểm**. [06_certificate_status__t512_o128__c0001]  
- Kết quả quy đổi chỉ dùng cho **kỳ tuyển sinh đại học chính quy năm 2026**, khi được Hội đồng tuyển sinh Trường công nhận. [06_certificate_status__t512_o128__c0001]  
- Nếu đăng ký quy đổi ngày **26/7/2026** thì **không kịp**: hạn đăng ký đã kết thúc ngày 20/6/2026 và hệ thống khóa từ 21/6/2026. [06_certificate_status__t512_o128__c0001]",1.0,1,0,3,1.0,1.0,1.0,0,,1418,150,3,
DHHPQA-STRESS-S5-010,STRESS,S5,HARD,CONTEXTUAL_ANSWER,GPT_5_6_TERRA_BATCH,Lượt 1: Nhóm Marketing hiện có tổng bao nhiêu chỉ tiêu?,Nhóm Marketing hiện công bố tổng 200 chỉ tiêu.,"Nhóm/ngành Marketing hiện có tổng **200 chỉ tiêu**. Chưa công bố phân bổ riêng cho Marketing số, Marketing và Truyền thông marketing. [03_programs_current_2026__t512_o128__c0002]",1.0,1,0,1,1.0,1.0,1.0,0,,3995,55,1,
DHHPQA-STRESS-S5-011,STRESS,S5,HARD,CONTEXTUAL_ANSWER,GPT_5_6_TERRA_BATCH,"Lượt 1: Nhóm Marketing hiện có tổng bao nhiêu chỉ tiêu?
Lượt 2: Riêng Marketing số có bao nhiêu?",Nguồn hiện hành chưa công bố phân bổ riêng; chỉ có tổng 200 chỉ tiêu của nhóm.,"- Nhóm/ngành Marketing có tổng **200 chỉ tiêu**. [03_programs_current_2026__t512_o128__c0002]  
- Riêng **Marketing số** (mã 734011501) chưa được công bố chỉ tiêu riêng; không thể suy ra từ tổng 200 chỉ tiêu của nhóm Marketing. [03_programs_current_2026__t512_o128__c0002][00_source_policy__t512_o128__c0001]",0.5,0,0,3,0.6666666666666666,1.0,1.0,0,,4008,105,2,
DHHPQA-STRESS-S5-012,STRESS,S5,HARD,CONTEXTUAL_ANSWER,GPT_5_6_TERRA_BATCH,"Lượt 1: Nhóm Marketing hiện có tổng bao nhiêu chỉ tiêu?
Lượt 2: Riêng Marketing số có bao nhiêu?
Lượt 3: Vậy có được dùng số cũ của riêng chuyên ngành không?",Không. Không được dùng phân bổ cũ để trả lời chỉ tiêu hiện hành.,"- Nhóm/ngành Marketing hiện có **200 chỉ tiêu**. [03_programs_current_2026__t512_o128__c0002]  
- Marketing số (mã 734011501) **chưa được công bố chỉ tiêu riêng**; 200 là chỉ tiêu chung của nhóm Marketing. [03_programs_current_2026__t512_o128__c0002]  
- **Không được** dùng số cũ của riêng chuyên ngành, vì nguồn hiện hành chỉ công bố chỉ tiêu nhóm và không cho phép suy diễn phân bổ riêng. [08_refusal_temporal_rules__t512_o128__c0001] [00_source_policy__t512_o128__c0001]",1.0,1,0,4,0.25,1.0,1.0,0,,4027,153,3,
DHHPQA-STRESS-S5-013,STRESS,S5,HARD,CONTEXTUAL_ANSWER,GPT_5_6_TERRA_BATCH,Lượt 1: Tôi muốn nộp PT3.1. Phương thức này kết hợp những gì?,Xét tuyển kết hợp chứng chỉ ngoại ngữ và kết quả thi tốt nghiệp THPT năm 2026,PT3.1 kết hợp **chứng chỉ ngoại ngữ** với **kết quả thi tốt nghiệp THPT năm 2026**. [02_methods_restrictions__t512_o128__c0001],1.0,1,0,1,1.0,1.0,1.0,0,,2707,50,1,
DHHPQA-STRESS-S5-014,STRESS,S5,HARD,CONTEXTUAL_ANSWER,GPT_5_6_TERRA_BATCH,"Lượt 1: Tôi muốn nộp PT3.1. Phương thức này kết hợp những gì?
Lượt 2: Hồ sơ của phương thức vừa nói nhận đến ngày nào?",Hồ sơ PT3 được nhận đến ngày 20/6/2026.,"Lượt 1: PT3.1 kết hợp chứng chỉ ngoại ngữ với kết quả thi tốt nghiệp THPT năm 2026. [02_methods_restrictions__t512_o128__c0001]

Lượt 2: Hồ sơ PT3 nhận từ 25/5/2026 đến 20/6/2026; hiện đã hết hạn. [04_registration_deadlines_documents__t512_o128__c0001]",1.0,1,0,2,0.5,1.0,1.0,0,,1400,97,2,
DHHPQA-STRESS-S5-015,STRESS,S5,HARD,CONTEXTUAL_ANSWER,GPT_5_6_TERRA_BATCH,"Lượt 1: Tôi muốn nộp PT3.1. Phương thức này kết hợp những gì?
Lượt 2: Hồ sơ của phương thức vừa nói nhận đến ngày nào?
Lượt 3: Nếu thiếu loại chứng chỉ và điểm thì có kết luận đủ điều kiện được không?","Không. Cần bổ sung loại chứng chỉ, điểm và các điều kiện liên quan trước khi kết luận.","Lượt 1: PT3.1 kết hợp chứng chỉ ngoại ngữ với kết quả thi tốt nghiệp THPT năm 2026. [02_methods_restrictions__t512_o128__c0001]

Lượt 2: Hồ sơ PT3 nhận từ 25/5/2026 đến 20/6/2026; hiện đã hết hạn. [04_registration_deadlines_documents__t512_o128__c0001]

Lượt 3: Không thể kết luận đủ điều kiện nếu thiếu chứng chỉ hoặc điểm thi THPT, vì PT3.1 yêu cầu kết hợp cả hai thành phần. [02_methods_restrictions__t512_o128__c0001]",0.5,0,0,3,0.0,0.0,1.0,0,,1422,149,3,
